-13,-33,k6SC9P1XOkjNd8hORDpVjwzpOM4=,MmMUSY9SsdQBHtK6qc0NYDBz6IM=
-12,-40,k6SC9P1XOkjNd8hORDpVjwzpOM4=,MmMUSY9SsdQBHtK6qc0NYDBz6IM=
-9,-40,k6SC9P1XOkjNd8hORDpVjwzpOM4=,MmMUSY9SsdQBHtK6qc0NYDBz6IM=
-13,-40,k6SC9P1XOkjNd8hORDpVjwzpOM4=,MmMUSY9SsdQBHtK6qc0NYDBz6IM=
-14,-33,k6SC9P1XOkjNd8hORDpVjwzpOM4=,MmMUSY9SsdQBHtK6qc0NYDBz6IM=
-11,-40,k6SC9P1XOkjNd8hORDpVjwzpOM4=,MmMUSY9SsdQBHtK6qc0NYDBz6IM=
-10,-40,k6SC9P1XOkjNd8hORDpVjwzpOM4=,MmMUSY9SsdQBHtK6qc0NYDBz6IM=
-13,-39,k6SC9P1XOkjNd8hORDpVjwzpOM4=,MmMUSY9SsdQBHtK6qc0NYDBz6IM=
-16,-39,k6SC9P1XOkjNd8hORDpVjwzpOM4=,MmMUSY9SsdQBHtK6qc0NYDBz6IM=
-10,-36,k6SC9P1XOkjNd8hORDpVjwzpOM4=,MmMUSY9SsdQBHtK6qc0NYDBz6IM=
-15,-33,k6SC9P1XOkjNd8hORDpVjwzpOM4=,MmMUSY9SsdQBHtK6qc0NYDBz6IM=
-9,-39,k6SC9P1XOkjNd8hORDpVjwzpOM4=,MmMUSY9SsdQBHtK6qc0NYDBz6IM=
-16,-38,k6SC9P1XOkjNd8hORDpVjwzpOM4=,MmMUSY9SsdQBHtK6qc0NYDBz6IM=
-16,-33,k6SC9P1XOkjNd8hORDpVjwzpOM4=,MmMUSY9SsdQBHtK6qc0NYDBz6IM=
-14,-40,k6SC9P1XOkjNd8hORDpVjwzpOM4=,MmMUSY9SsdQBHtK6qc0NYDBz6IM=
-13,-35,k6SC9P1XOkjNd8hORDpVjwzpOM4=,MmMUSY9SsdQBHtK6qc0NYDBz6IM=
-16,-36,k6SC9P1XOkjNd8hORDpVjwzpOM4=,MmMUSY9SsdQBHtK6qc0NYDBz6IM=
-10,-39,k6SC9P1XOkjNd8hORDpVjwzpOM4=,MmMUSY9SsdQBHtK6qc0NYDBz6IM=
-14,-35,k6SC9P1XOkjNd8hORDpVjwzpOM4=,MmMUSY9SsdQBHtK6qc0NYDBz6IM=
-9,-37,k6SC9P1XOkjNd8hORDpVjwzpOM4=,MmMUSY9SsdQBHtK6qc0NYDBz6IM=
-15,-37,k6SC9P1XOkjNd8hORDpVjwzpOM4=,MmMUSY9SsdQBHtK6qc0NYDBz6IM=
-12,-35,k6SC9P1XOkjNd8hORDpVjwzpOM4=,MmMUSY9SsdQBHtK6qc0NYDBz6IM=
-15,-35,k6SC9P1XOkjNd8hORDpVjwzpOM4=,MmMUSY9SsdQBHtK6qc0NYDBz6IM=
-9,-34,k6SC9P1XOkjNd8hORDpVjwzpOM4=,MmMUSY9SsdQBHtK6qc0NYDBz6IM=
-16,-35,k6SC9P1XOkjNd8hORDpVjwzpOM4=,MmMUSY9SsdQBHtK6qc0NYDBz6IM=
-13,-34,k6SC9P1XOkjNd8hORDpVjwzpOM4=,MmMUSY9SsdQBHtK6qc0NYDBz6IM=
-14,-34,k6SC9P1XOkjNd8hORDpVjwzpOM4=,MmMUSY9SsdQBHtK6qc0NYDBz6IM=
-11,-39,k6SC9P1XOkjNd8hORDpVjwzpOM4=,MmMUSY9SsdQBHtK6qc0NYDBz6IM=
-15,-34,k6SC9P1XOkjNd8hORDpVjwzpOM4=,MmMUSY9SsdQBHtK6qc0NYDBz6IM=
-9,-36,k6SC9P1XOkjNd8hORDpVjwzpOM4=,MmMUSY9SsdQBHtK6qc0NYDBz6IM=
-10,-37,k6SC9P1XOkjNd8hORDpVjwzpOM4=,MmMUSY9SsdQBHtK6qc0NYDBz6IM=
-16,-34,k6SC9P1XOkjNd8hORDpVjwzpOM4=,MmMUSY9SsdQBHtK6qc0NYDBz6IM=
-10,-34,k6SC9P1XOkjNd8hORDpVjwzpOM4=,MmMUSY9SsdQBHtK6qc0NYDBz6IM=
-11,-37,k6SC9P1XOkjNd8hORDpVjwzpOM4=,MmMUSY9SsdQBHtK6qc0NYDBz6IM=
-14,-37,k6SC9P1XOkjNd8hORDpVjwzpOM4=,MmMUSY9SsdQBHtK6qc0NYDBz6IM=
-11,-34,k6SC9P1XOkjNd8hORDpVjwzpOM4=,MmMUSY9SsdQBHtK6qc0NYDBz6IM=
-12,-34,k6SC9P1XOkjNd8hORDpVjwzpOM4=,MmMUSY9SsdQBHtK6qc0NYDBz6IM=
-9,-35,k6SC9P1XOkjNd8hORDpVjwzpOM4=,MmMUSY9SsdQBHtK6qc0NYDBz6IM=
-12,-39,k6SC9P1XOkjNd8hORDpVjwzpOM4=,MmMUSY9SsdQBHtK6qc0NYDBz6IM=
-14,-39,k6SC9P1XOkjNd8hORDpVjwzpOM4=,MmMUSY9SsdQBHtK6qc0NYDBz6IM=
-16,-40,k6SC9P1XOkjNd8hORDpVjwzpOM4=,MmMUSY9SsdQBHtK6qc0NYDBz6IM=
-10,-35,k6SC9P1XOkjNd8hORDpVjwzpOM4=,MmMUSY9SsdQBHtK6qc0NYDBz6IM=
-11,-35,k6SC9P1XOkjNd8hORDpVjwzpOM4=,MmMUSY9SsdQBHtK6qc0NYDBz6IM=
-11,-36,k6SC9P1XOkjNd8hORDpVjwzpOM4=,MmMUSY9SsdQBHtK6qc0NYDBz6IM=
-12,-37,k6SC9P1XOkjNd8hORDpVjwzpOM4=,MmMUSY9SsdQBHtK6qc0NYDBz6IM=
-16,-37,k6SC9P1XOkjNd8hORDpVjwzpOM4=,MmMUSY9SsdQBHtK6qc0NYDBz6IM=
-15,-38,k6SC9P1XOkjNd8hORDpVjwzpOM4=,MmMUSY9SsdQBHtK6qc0NYDBz6IM=
-13,-36,k6SC9P1XOkjNd8hORDpVjwzpOM4=,MmMUSY9SsdQBHtK6qc0NYDBz6IM=
-15,-40,k6SC9P1XOkjNd8hORDpVjwzpOM4=,MmMUSY9SsdQBHtK6qc0NYDBz6IM=
-12,-36,k6SC9P1XOkjNd8hORDpVjwzpOM4=,MmMUSY9SsdQBHtK6qc0NYDBz6IM=
-10,-38,k6SC9P1XOkjNd8hORDpVjwzpOM4=,MmMUSY9SsdQBHtK6qc0NYDBz6IM=
-14,-36,k6SC9P1XOkjNd8hORDpVjwzpOM4=,MmMUSY9SsdQBHtK6qc0NYDBz6IM=
-9,-38,k6SC9P1XOkjNd8hORDpVjwzpOM4=,MmMUSY9SsdQBHtK6qc0NYDBz6IM=
-9,-33,k6SC9P1XOkjNd8hORDpVjwzpOM4=,MmMUSY9SsdQBHtK6qc0NYDBz6IM=
-11,-38,k6SC9P1XOkjNd8hORDpVjwzpOM4=,MmMUSY9SsdQBHtK6qc0NYDBz6IM=
-14,-38,k6SC9P1XOkjNd8hORDpVjwzpOM4=,MmMUSY9SsdQBHtK6qc0NYDBz6IM=
-13,-38,k6SC9P1XOkjNd8hORDpVjwzpOM4=,MmMUSY9SsdQBHtK6qc0NYDBz6IM=
-12,-38,k6SC9P1XOkjNd8hORDpVjwzpOM4=,MmMUSY9SsdQBHtK6qc0NYDBz6IM=
-12,-33,k6SC9P1XOkjNd8hORDpVjwzpOM4=,MmMUSY9SsdQBHtK6qc0NYDBz6IM=
-15,-36,k6SC9P1XOkjNd8hORDpVjwzpOM4=,MmMUSY9SsdQBHtK6qc0NYDBz6IM=
-11,-33,k6SC9P1XOkjNd8hORDpVjwzpOM4=,MmMUSY9SsdQBHtK6qc0NYDBz6IM=
-10,-33,k6SC9P1XOkjNd8hORDpVjwzpOM4=,MmMUSY9SsdQBHtK6qc0NYDBz6IM=
-15,-39,k6SC9P1XOkjNd8hORDpVjwzpOM4=,MmMUSY9SsdQBHtK6qc0NYDBz6IM=
-13,-37,k6SC9P1XOkjNd8hORDpVjwzpOM4=,MmMUSY9SsdQBHtK6qc0NYDBz6IM=
-14,-63,Xece4zKDBl/KmKrB0nkaDLDursM=,Ocb2dLYKhZVho4qwsr+w9VbpSm8=
-13,-61,Xece4zKDBl/KmKrB0nkaDLDursM=,Ocb2dLYKhZVho4qwsr+w9VbpSm8=
-9,-57,Xece4zKDBl/KmKrB0nkaDLDursM=,Ocb2dLYKhZVho4qwsr+w9VbpSm8=
-9,-63,Xece4zKDBl/KmKrB0nkaDLDursM=,Ocb2dLYKhZVho4qwsr+w9VbpSm8=
-11,-62,Xece4zKDBl/KmKrB0nkaDLDursM=,Ocb2dLYKhZVho4qwsr+w9VbpSm8=
-13,-64,Xece4zKDBl/KmKrB0nkaDLDursM=,Ocb2dLYKhZVho4qwsr+w9VbpSm8=
-12,-62,Xece4zKDBl/KmKrB0nkaDLDursM=,Ocb2dLYKhZVho4qwsr+w9VbpSm8=
-10,-57,Xece4zKDBl/KmKrB0nkaDLDursM=,Ocb2dLYKhZVho4qwsr+w9VbpSm8=
-11,-57,Xece4zKDBl/KmKrB0nkaDLDursM=,Ocb2dLYKhZVho4qwsr+w9VbpSm8=
-13,-62,Xece4zKDBl/KmKrB0nkaDLDursM=,Ocb2dLYKhZVho4qwsr+w9VbpSm8=
-15,-63,Xece4zKDBl/KmKrB0nkaDLDursM=,Ocb2dLYKhZVho4qwsr+w9VbpSm8=
-12,-57,Xece4zKDBl/KmKrB0nkaDLDursM=,Ocb2dLYKhZVho4qwsr+w9VbpSm8=
-15,-61,Xece4zKDBl/KmKrB0nkaDLDursM=,Ocb2dLYKhZVho4qwsr+w9VbpSm8=
-14,-64,Xece4zKDBl/KmKrB0nkaDLDursM=,Ocb2dLYKhZVho4qwsr+w9VbpSm8=
-10,-63,Xece4zKDBl/KmKrB0nkaDLDursM=,Ocb2dLYKhZVho4qwsr+w9VbpSm8=
-16,-63,Xece4zKDBl/KmKrB0nkaDLDursM=,Ocb2dLYKhZVho4qwsr+w9VbpSm8=
-14,-61,Xece4zKDBl/KmKrB0nkaDLDursM=,Ocb2dLYKhZVho4qwsr+w9VbpSm8=
-13,-57,Xece4zKDBl/KmKrB0nkaDLDursM=,Ocb2dLYKhZVho4qwsr+w9VbpSm8=
-15,-57,Xece4zKDBl/KmKrB0nkaDLDursM=,Ocb2dLYKhZVho4qwsr+w9VbpSm8=
-9,-64,Xece4zKDBl/KmKrB0nkaDLDursM=,Ocb2dLYKhZVho4qwsr+w9VbpSm8=
-9,-58,Xece4zKDBl/KmKrB0nkaDLDursM=,Ocb2dLYKhZVho4qwsr+w9VbpSm8=
-14,-57,Xece4zKDBl/KmKrB0nkaDLDursM=,Ocb2dLYKhZVho4qwsr+w9VbpSm8=
-10,-58,Xece4zKDBl/KmKrB0nkaDLDursM=,Ocb2dLYKhZVho4qwsr+w9VbpSm8=
-14,-62,Xece4zKDBl/KmKrB0nkaDLDursM=,Ocb2dLYKhZVho4qwsr+w9VbpSm8=
-11,-58,Xece4zKDBl/KmKrB0nkaDLDursM=,Ocb2dLYKhZVho4qwsr+w9VbpSm8=
-13,-58,Xece4zKDBl/KmKrB0nkaDLDursM=,Ocb2dLYKhZVho4qwsr+w9VbpSm8=
-12,-58,Xece4zKDBl/KmKrB0nkaDLDursM=,Ocb2dLYKhZVho4qwsr+w9VbpSm8=
-14,-58,Xece4zKDBl/KmKrB0nkaDLDursM=,Ocb2dLYKhZVho4qwsr+w9VbpSm8=
-10,-64,Xece4zKDBl/KmKrB0nkaDLDursM=,Ocb2dLYKhZVho4qwsr+w9VbpSm8=
-16,-57,Xece4zKDBl/KmKrB0nkaDLDursM=,Ocb2dLYKhZVho4qwsr+w9VbpSm8=
-15,-58,Xece4zKDBl/KmKrB0nkaDLDursM=,Ocb2dLYKhZVho4qwsr+w9VbpSm8=
-15,-62,Xece4zKDBl/KmKrB0nkaDLDursM=,Ocb2dLYKhZVho4qwsr+w9VbpSm8=
-11,-64,Xece4zKDBl/KmKrB0nkaDLDursM=,Ocb2dLYKhZVho4qwsr+w9VbpSm8=
-16,-58,Xece4zKDBl/KmKrB0nkaDLDursM=,Ocb2dLYKhZVho4qwsr+w9VbpSm8=
-9,-59,Xece4zKDBl/KmKrB0nkaDLDursM=,Ocb2dLYKhZVho4qwsr+w9VbpSm8=
-11,-59,Xece4zKDBl/KmKrB0nkaDLDursM=,Ocb2dLYKhZVho4qwsr+w9VbpSm8=
-16,-62,Xece4zKDBl/KmKrB0nkaDLDursM=,Ocb2dLYKhZVho4qwsr+w9VbpSm8=
-10,-59,Xece4zKDBl/KmKrB0nkaDLDursM=,Ocb2dLYKhZVho4qwsr+w9VbpSm8=
-12,-59,Xece4zKDBl/KmKrB0nkaDLDursM=,Ocb2dLYKhZVho4qwsr+w9VbpSm8=
-13,-59,Xece4zKDBl/KmKrB0nkaDLDursM=,Ocb2dLYKhZVho4qwsr+w9VbpSm8=
-14,-59,Xece4zKDBl/KmKrB0nkaDLDursM=,Ocb2dLYKhZVho4qwsr+w9VbpSm8=
-15,-59,Xece4zKDBl/KmKrB0nkaDLDursM=,Ocb2dLYKhZVho4qwsr+w9VbpSm8=
-15,-64,Xece4zKDBl/KmKrB0nkaDLDursM=,Ocb2dLYKhZVho4qwsr+w9VbpSm8=
-16,-59,Xece4zKDBl/KmKrB0nkaDLDursM=,Ocb2dLYKhZVho4qwsr+w9VbpSm8=
-11,-63,Xece4zKDBl/KmKrB0nkaDLDursM=,Ocb2dLYKhZVho4qwsr+w9VbpSm8=
-12,-64,Xece4zKDBl/KmKrB0nkaDLDursM=,Ocb2dLYKhZVho4qwsr+w9VbpSm8=
-9,-60,Xece4zKDBl/KmKrB0nkaDLDursM=,Ocb2dLYKhZVho4qwsr+w9VbpSm8=
-16,-61,Xece4zKDBl/KmKrB0nkaDLDursM=,Ocb2dLYKhZVho4qwsr+w9VbpSm8=
-10,-60,Xece4zKDBl/KmKrB0nkaDLDursM=,Ocb2dLYKhZVho4qwsr+w9VbpSm8=
-9,-62,Xece4zKDBl/KmKrB0nkaDLDursM=,Ocb2dLYKhZVho4qwsr+w9VbpSm8=
-11,-60,Xece4zKDBl/KmKrB0nkaDLDursM=,Ocb2dLYKhZVho4qwsr+w9VbpSm8=
-10,-62,Xece4zKDBl/KmKrB0nkaDLDursM=,Ocb2dLYKhZVho4qwsr+w9VbpSm8=
-12,-60,Xece4zKDBl/KmKrB0nkaDLDursM=,Ocb2dLYKhZVho4qwsr+w9VbpSm8=
-13,-60,Xece4zKDBl/KmKrB0nkaDLDursM=,Ocb2dLYKhZVho4qwsr+w9VbpSm8=
-14,-60,Xece4zKDBl/KmKrB0nkaDLDursM=,Ocb2dLYKhZVho4qwsr+w9VbpSm8=
-15,-60,Xece4zKDBl/KmKrB0nkaDLDursM=,Ocb2dLYKhZVho4qwsr+w9VbpSm8=
-16,-60,Xece4zKDBl/KmKrB0nkaDLDursM=,Ocb2dLYKhZVho4qwsr+w9VbpSm8=
-9,-61,Xece4zKDBl/KmKrB0nkaDLDursM=,Ocb2dLYKhZVho4qwsr+w9VbpSm8=
-10,-61,Xece4zKDBl/KmKrB0nkaDLDursM=,Ocb2dLYKhZVho4qwsr+w9VbpSm8=
-12,-61,Xece4zKDBl/KmKrB0nkaDLDursM=,Ocb2dLYKhZVho4qwsr+w9VbpSm8=
-12,-63,Xece4zKDBl/KmKrB0nkaDLDursM=,Ocb2dLYKhZVho4qwsr+w9VbpSm8=
-11,-61,Xece4zKDBl/KmKrB0nkaDLDursM=,Ocb2dLYKhZVho4qwsr+w9VbpSm8=
-13,-63,Xece4zKDBl/KmKrB0nkaDLDursM=,Ocb2dLYKhZVho4qwsr+w9VbpSm8=
-16,-64,Xece4zKDBl/KmKrB0nkaDLDursM=,Ocb2dLYKhZVho4qwsr+w9VbpSm8=
-28,-53,Xece4zKDBl/KmKrB0nkaDLDursM=,msLESYhLxAFcBvOsKHf5XYA7ixs=
-27,-53,Xece4zKDBl/KmKrB0nkaDLDursM=,msLESYhLxAFcBvOsKHf5XYA7ixs=
-26,-53,Xece4zKDBl/KmKrB0nkaDLDursM=,msLESYhLxAFcBvOsKHf5XYA7ixs=
-31,-52,Xece4zKDBl/KmKrB0nkaDLDursM=,msLESYhLxAFcBvOsKHf5XYA7ixs=
-30,-52,Xece4zKDBl/KmKrB0nkaDLDursM=,msLESYhLxAFcBvOsKHf5XYA7ixs=
-29,-52,Xece4zKDBl/KmKrB0nkaDLDursM=,msLESYhLxAFcBvOsKHf5XYA7ixs=
-28,-52,Xece4zKDBl/KmKrB0nkaDLDursM=,msLESYhLxAFcBvOsKHf5XYA7ixs=
-27,-52,Xece4zKDBl/KmKrB0nkaDLDursM=,msLESYhLxAFcBvOsKHf5XYA7ixs=
-26,-52,Xece4zKDBl/KmKrB0nkaDLDursM=,msLESYhLxAFcBvOsKHf5XYA7ixs=
-31,-51,Xece4zKDBl/KmKrB0nkaDLDursM=,msLESYhLxAFcBvOsKHf5XYA7ixs=
-30,-51,Xece4zKDBl/KmKrB0nkaDLDursM=,msLESYhLxAFcBvOsKHf5XYA7ixs=
-29,-51,Xece4zKDBl/KmKrB0nkaDLDursM=,msLESYhLxAFcBvOsKHf5XYA7ixs=
-28,-51,Xece4zKDBl/KmKrB0nkaDLDursM=,msLESYhLxAFcBvOsKHf5XYA7ixs=
-27,-51,Xece4zKDBl/KmKrB0nkaDLDursM=,msLESYhLxAFcBvOsKHf5XYA7ixs=
-26,-51,Xece4zKDBl/KmKrB0nkaDLDursM=,msLESYhLxAFcBvOsKHf5XYA7ixs=
-31,-50,Xece4zKDBl/KmKrB0nkaDLDursM=,msLESYhLxAFcBvOsKHf5XYA7ixs=
-31,-55,Xece4zKDBl/KmKrB0nkaDLDursM=,msLESYhLxAFcBvOsKHf5XYA7ixs=
-29,-53,Xece4zKDBl/KmKrB0nkaDLDursM=,msLESYhLxAFcBvOsKHf5XYA7ixs=
-30,-53,5x5Uh8j9uJM1a3fE/lhssgjvvJQ=,msLESYhLxAFcBvOsKHf5XYA7ixs=
-31,-53,5x5Uh8j9uJM1a3fE/lhssgjvvJQ=,msLESYhLxAFcBvOsKHf5XYA7ixs=
-26,-54,5x5Uh8j9uJM1a3fE/lhssgjvvJQ=,msLESYhLxAFcBvOsKHf5XYA7ixs=
-27,-54,5x5Uh8j9uJM1a3fE/lhssgjvvJQ=,msLESYhLxAFcBvOsKHf5XYA7ixs=
-28,-54,5x5Uh8j9uJM1a3fE/lhssgjvvJQ=,msLESYhLxAFcBvOsKHf5XYA7ixs=
-29,-54,5x5Uh8j9uJM1a3fE/lhssgjvvJQ=,msLESYhLxAFcBvOsKHf5XYA7ixs=
-30,-54,5x5Uh8j9uJM1a3fE/lhssgjvvJQ=,msLESYhLxAFcBvOsKHf5XYA7ixs=
-26,-50,5x5Uh8j9uJM1a3fE/lhssgjvvJQ=,msLESYhLxAFcBvOsKHf5XYA7ixs=
-27,-50,5x5Uh8j9uJM1a3fE/lhssgjvvJQ=,msLESYhLxAFcBvOsKHf5XYA7ixs=
-31,-54,5x5Uh8j9uJM1a3fE/lhssgjvvJQ=,msLESYhLxAFcBvOsKHf5XYA7ixs=
-28,-50,5x5Uh8j9uJM1a3fE/lhssgjvvJQ=,msLESYhLxAFcBvOsKHf5XYA7ixs=
-29,-50,5x5Uh8j9uJM1a3fE/lhssgjvvJQ=,msLESYhLxAFcBvOsKHf5XYA7ixs=
-26,-55,5x5Uh8j9uJM1a3fE/lhssgjvvJQ=,msLESYhLxAFcBvOsKHf5XYA7ixs=
-27,-55,5x5Uh8j9uJM1a3fE/lhssgjvvJQ=,msLESYhLxAFcBvOsKHf5XYA7ixs=
-30,-50,5x5Uh8j9uJM1a3fE/lhssgjvvJQ=,msLESYhLxAFcBvOsKHf5XYA7ixs=
-28,-55,5x5Uh8j9uJM1a3fE/lhssgjvvJQ=,msLESYhLxAFcBvOsKHf5XYA7ixs=
-29,-55,5x5Uh8j9uJM1a3fE/lhssgjvvJQ=,msLESYhLxAFcBvOsKHf5XYA7ixs=
-30,-55,5x5Uh8j9uJM1a3fE/lhssgjvvJQ=,msLESYhLxAFcBvOsKHf5XYA7ixs=
-31,-49,5x5Uh8j9uJM1a3fE/lhssgjvvJQ=,msLESYhLxAFcBvOsKHf5XYA7ixs=
-30,-49,5x5Uh8j9uJM1a3fE/lhssgjvvJQ=,msLESYhLxAFcBvOsKHf5XYA7ixs=
-29,-49,5x5Uh8j9uJM1a3fE/lhssgjvvJQ=,msLESYhLxAFcBvOsKHf5XYA7ixs=
-28,-49,5x5Uh8j9uJM1a3fE/lhssgjvvJQ=,msLESYhLxAFcBvOsKHf5XYA7ixs=
-27,-49,5x5Uh8j9uJM1a3fE/lhssgjvvJQ=,msLESYhLxAFcBvOsKHf5XYA7ixs=
-26,-49,5x5Uh8j9uJM1a3fE/lhssgjvvJQ=,msLESYhLxAFcBvOsKHf5XYA7ixs=
-28,-61,5x5Uh8j9uJM1a3fE/lhssgjvvJQ=,0EiKYQd7ViiU2Kctj/a707v3DuI=
-27,-61,5x5Uh8j9uJM1a3fE/lhssgjvvJQ=,0EiKYQd7ViiU2Kctj/a707v3DuI=
-26,-61,5x5Uh8j9uJM1a3fE/lhssgjvvJQ=,0EiKYQd7ViiU2Kctj/a707v3DuI=
-31,-60,5x5Uh8j9uJM1a3fE/lhssgjvvJQ=,0EiKYQd7ViiU2Kctj/a707v3DuI=
-30,-60,5x5Uh8j9uJM1a3fE/lhssgjvvJQ=,0EiKYQd7ViiU2Kctj/a707v3DuI=
-29,-60,5x5Uh8j9uJM1a3fE/lhssgjvvJQ=,0EiKYQd7ViiU2Kctj/a707v3DuI=
-28,-60,5x5Uh8j9uJM1a3fE/lhssgjvvJQ=,0EiKYQd7ViiU2Kctj/a707v3DuI=
-27,-60,5x5Uh8j9uJM1a3fE/lhssgjvvJQ=,0EiKYQd7ViiU2Kctj/a707v3DuI=
-26,-60,5x5Uh8j9uJM1a3fE/lhssgjvvJQ=,0EiKYQd7ViiU2Kctj/a707v3DuI=
-31,-59,5x5Uh8j9uJM1a3fE/lhssgjvvJQ=,0EiKYQd7ViiU2Kctj/a707v3DuI=
-30,-59,5x5Uh8j9uJM1a3fE/lhssgjvvJQ=,0EiKYQd7ViiU2Kctj/a707v3DuI=
-29,-59,5x5Uh8j9uJM1a3fE/lhssgjvvJQ=,0EiKYQd7ViiU2Kctj/a707v3DuI=
-28,-59,5x5Uh8j9uJM1a3fE/lhssgjvvJQ=,0EiKYQd7ViiU2Kctj/a707v3DuI=
-27,-59,5x5Uh8j9uJM1a3fE/lhssgjvvJQ=,0EiKYQd7ViiU2Kctj/a707v3DuI=
-26,-59,5x5Uh8j9uJM1a3fE/lhssgjvvJQ=,0EiKYQd7ViiU2Kctj/a707v3DuI=
-31,-58,5x5Uh8j9uJM1a3fE/lhssgjvvJQ=,0EiKYQd7ViiU2Kctj/a707v3DuI=
-30,-58,5x5Uh8j9uJM1a3fE/lhssgjvvJQ=,0EiKYQd7ViiU2Kctj/a707v3DuI=
-29,-58,5x5Uh8j9uJM1a3fE/lhssgjvvJQ=,0EiKYQd7ViiU2Kctj/a707v3DuI=
-31,-56,5x5Uh8j9uJM1a3fE/lhssgjvvJQ=,msLESYhLxAFcBvOsKHf5XYA7ixs=
-30,-56,5x5Uh8j9uJM1a3fE/lhssgjvvJQ=,msLESYhLxAFcBvOsKHf5XYA7ixs=
-31,-63,5x5Uh8j9uJM1a3fE/lhssgjvvJQ=,0EiKYQd7ViiU2Kctj/a707v3DuI=
-30,-63,5x5Uh8j9uJM1a3fE/lhssgjvvJQ=,0EiKYQd7ViiU2Kctj/a707v3DuI=
-29,-63,5x5Uh8j9uJM1a3fE/lhssgjvvJQ=,0EiKYQd7ViiU2Kctj/a707v3DuI=
-28,-63,5x5Uh8j9uJM1a3fE/lhssgjvvJQ=,0EiKYQd7ViiU2Kctj/a707v3DuI=
-29,-56,5x5Uh8j9uJM1a3fE/lhssgjvvJQ=,msLESYhLxAFcBvOsKHf5XYA7ixs=
-28,-56,5x5Uh8j9uJM1a3fE/lhssgjvvJQ=,msLESYhLxAFcBvOsKHf5XYA7ixs=
-28,-58,5x5Uh8j9uJM1a3fE/lhssgjvvJQ=,0EiKYQd7ViiU2Kctj/a707v3DuI=
-27,-58,5x5Uh8j9uJM1a3fE/lhssgjvvJQ=,0EiKYQd7ViiU2Kctj/a707v3DuI=
-27,-63,5x5Uh8j9uJM1a3fE/lhssgjvvJQ=,0EiKYQd7ViiU2Kctj/a707v3DuI=
-27,-56,5x5Uh8j9uJM1a3fE/lhssgjvvJQ=,msLESYhLxAFcBvOsKHf5XYA7ixs=
-26,-63,5x5Uh8j9uJM1a3fE/lhssgjvvJQ=,0EiKYQd7ViiU2Kctj/a707v3DuI=
-26,-56,5x5Uh8j9uJM1a3fE/lhssgjvvJQ=,msLESYhLxAFcBvOsKHf5XYA7ixs=
-31,-62,5x5Uh8j9uJM1a3fE/lhssgjvvJQ=,0EiKYQd7ViiU2Kctj/a707v3DuI=
-26,-58,5x5Uh8j9uJM1a3fE/lhssgjvvJQ=,0EiKYQd7ViiU2Kctj/a707v3DuI=
-30,-62,5x5Uh8j9uJM1a3fE/lhssgjvvJQ=,0EiKYQd7ViiU2Kctj/a707v3DuI=
-29,-62,5x5Uh8j9uJM1a3fE/lhssgjvvJQ=,0EiKYQd7ViiU2Kctj/a707v3DuI=
-31,-57,5x5Uh8j9uJM1a3fE/lhssgjvvJQ=,0EiKYQd7ViiU2Kctj/a707v3DuI=
-28,-62,5x5Uh8j9uJM1a3fE/lhssgjvvJQ=,0EiKYQd7ViiU2Kctj/a707v3DuI=
-27,-62,5x5Uh8j9uJM1a3fE/lhssgjvvJQ=,0EiKYQd7ViiU2Kctj/a707v3DuI=
-30,-57,5x5Uh8j9uJM1a3fE/lhssgjvvJQ=,0EiKYQd7ViiU2Kctj/a707v3DuI=
-26,-62,5x5Uh8j9uJM1a3fE/lhssgjvvJQ=,0EiKYQd7ViiU2Kctj/a707v3DuI=
-29,-57,5x5Uh8j9uJM1a3fE/lhssgjvvJQ=,0EiKYQd7ViiU2Kctj/a707v3DuI=
-28,-57,5x5Uh8j9uJM1a3fE/lhssgjvvJQ=,0EiKYQd7ViiU2Kctj/a707v3DuI=
-27,-57,5x5Uh8j9uJM1a3fE/lhssgjvvJQ=,0EiKYQd7ViiU2Kctj/a707v3DuI=
-26,-57,5x5Uh8j9uJM1a3fE/lhssgjvvJQ=,0EiKYQd7ViiU2Kctj/a707v3DuI=
-31,-61,5x5Uh8j9uJM1a3fE/lhssgjvvJQ=,0EiKYQd7ViiU2Kctj/a707v3DuI=
-30,-61,5x5Uh8j9uJM1a3fE/lhssgjvvJQ=,0EiKYQd7ViiU2Kctj/a707v3DuI=
-29,-61,5x5Uh8j9uJM1a3fE/lhssgjvvJQ=,0EiKYQd7ViiU2Kctj/a707v3DuI=
-31,-64,5x5Uh8j9uJM1a3fE/lhssgjvvJQ=,0EiKYQd7ViiU2Kctj/a707v3DuI=
-30,-64,5x5Uh8j9uJM1a3fE/lhssgjvvJQ=,0EiKYQd7ViiU2Kctj/a707v3DuI=
-29,-64,5x5Uh8j9uJM1a3fE/lhssgjvvJQ=,0EiKYQd7ViiU2Kctj/a707v3DuI=
-28,-64,5x5Uh8j9uJM1a3fE/lhssgjvvJQ=,0EiKYQd7ViiU2Kctj/a707v3DuI=
-27,-64,5x5Uh8j9uJM1a3fE/lhssgjvvJQ=,0EiKYQd7ViiU2Kctj/a707v3DuI=
-26,-64,5x5Uh8j9uJM1a3fE/lhssgjvvJQ=,0EiKYQd7ViiU2Kctj/a707v3DuI=
-32,-52,5x5Uh8j9uJM1a3fE/lhssgjvvJQ=,msLESYhLxAFcBvOsKHf5XYA7ixs=
-32,-51,5x5Uh8j9uJM1a3fE/lhssgjvvJQ=,msLESYhLxAFcBvOsKHf5XYA7ixs=
-32,-50,5x5Uh8j9uJM1a3fE/lhssgjvvJQ=,msLESYhLxAFcBvOsKHf5XYA7ixs=
-32,-55,5x5Uh8j9uJM1a3fE/lhssgjvvJQ=,msLESYhLxAFcBvOsKHf5XYA7ixs=
-32,-54,5x5Uh8j9uJM1a3fE/lhssgjvvJQ=,msLESYhLxAFcBvOsKHf5XYA7ixs=
-32,-53,5x5Uh8j9uJM1a3fE/lhssgjvvJQ=,msLESYhLxAFcBvOsKHf5XYA7ixs=
-32,-64,5x5Uh8j9uJM1a3fE/lhssgjvvJQ=,0EiKYQd7ViiU2Kctj/a707v3DuI=
-32,-60,5x5Uh8j9uJM1a3fE/lhssgjvvJQ=,0EiKYQd7ViiU2Kctj/a707v3DuI=
-32,-59,5x5Uh8j9uJM1a3fE/lhssgjvvJQ=,0EiKYQd7ViiU2Kctj/a707v3DuI=
-32,-58,5x5Uh8j9uJM1a3fE/lhssgjvvJQ=,0EiKYQd7ViiU2Kctj/a707v3DuI=
-32,-63,5x5Uh8j9uJM1a3fE/lhssgjvvJQ=,0EiKYQd7ViiU2Kctj/a707v3DuI=
-32,-56,5x5Uh8j9uJM1a3fE/lhssgjvvJQ=,msLESYhLxAFcBvOsKHf5XYA7ixs=
-32,-62,5x5Uh8j9uJM1a3fE/lhssgjvvJQ=,0EiKYQd7ViiU2Kctj/a707v3DuI=
-32,-57,5x5Uh8j9uJM1a3fE/lhssgjvvJQ=,0EiKYQd7ViiU2Kctj/a707v3DuI=
-32,-61,5x5Uh8j9uJM1a3fE/lhssgjvvJQ=,0EiKYQd7ViiU2Kctj/a707v3DuI=
-32,-49,5x5Uh8j9uJM1a3fE/lhssgjvvJQ=,msLESYhLxAFcBvOsKHf5XYA7ixs=
-20,-61,5x5Uh8j9uJM1a3fE/lhssgjvvJQ=,irLz0Lc4yW2V9QvbUkmsSvrCquA=
-17,-62,5x5Uh8j9uJM1a3fE/lhssgjvvJQ=,irLz0Lc4yW2V9QvbUkmsSvrCquA=
-25,-62,5x5Uh8j9uJM1a3fE/lhssgjvvJQ=,0EiKYQd7ViiU2Kctj/a707v3DuI=
-18,-62,5x5Uh8j9uJM1a3fE/lhssgjvvJQ=,irLz0Lc4yW2V9QvbUkmsSvrCquA=
-21,-61,5x5Uh8j9uJM1a3fE/lhssgjvvJQ=,irLz0Lc4yW2V9QvbUkmsSvrCquA=
-19,-62,5x5Uh8j9uJM1a3fE/lhssgjvvJQ=,irLz0Lc4yW2V9QvbUkmsSvrCquA=
-22,-61,5x5Uh8j9uJM1a3fE/lhssgjvvJQ=,irLz0Lc4yW2V9QvbUkmsSvrCquA=
-23,-61,5x5Uh8j9uJM1a3fE/lhssgjvvJQ=,irLz0Lc4yW2V9QvbUkmsSvrCquA=
-17,-63,5x5Uh8j9uJM1a3fE/lhssgjvvJQ=,irLz0Lc4yW2V9QvbUkmsSvrCquA=
-18,-63,5x5Uh8j9uJM1a3fE/lhssgjvvJQ=,irLz0Lc4yW2V9QvbUkmsSvrCquA=
-24,-61,5x5Uh8j9uJM1a3fE/lhssgjvvJQ=,irLz0Lc4yW2V9QvbUkmsSvrCquA=
-20,-62,5x5Uh8j9uJM1a3fE/lhssgjvvJQ=,irLz0Lc4yW2V9QvbUkmsSvrCquA=
-21,-62,5x5Uh8j9uJM1a3fE/lhssgjvvJQ=,irLz0Lc4yW2V9QvbUkmsSvrCquA=
-25,-49,5x5Uh8j9uJM1a3fE/lhssgjvvJQ=,msLESYhLxAFcBvOsKHf5XYA7ixs=
-25,-58,5x5Uh8j9uJM1a3fE/lhssgjvvJQ=,0EiKYQd7ViiU2Kctj/a707v3DuI=
-25,-63,5x5Uh8j9uJM1a3fE/lhssgjvvJQ=,0EiKYQd7ViiU2Kctj/a707v3DuI=
-22,-62,5x5Uh8j9uJM1a3fE/lhssgjvvJQ=,irLz0Lc4yW2V9QvbUkmsSvrCquA=
-17,-49,5x5Uh8j9uJM1a3fE/lhssgjvvJQ=,kj2IXw5hGyhu3a7tZ1g41CfR2dA=
-24,-62,5x5Uh8j9uJM1a3fE/lhssgjvvJQ=,irLz0Lc4yW2V9QvbUkmsSvrCquA=
-23,-62,5x5Uh8j9uJM1a3fE/lhssgjvvJQ=,irLz0Lc4yW2V9QvbUkmsSvrCquA=
-19,-54,5x5Uh8j9uJM1a3fE/lhssgjvvJQ=,kj2IXw5hGyhu3a7tZ1g41CfR2dA=
-17,-57,5x5Uh8j9uJM1a3fE/lhssgjvvJQ=,irLz0Lc4yW2V9QvbUkmsSvrCquA=
-20,-53,5x5Uh8j9uJM1a3fE/lhssgjvvJQ=,kj2IXw5hGyhu3a7tZ1g41CfR2dA=
-19,-63,5x5Uh8j9uJM1a3fE/lhssgjvvJQ=,irLz0Lc4yW2V9QvbUkmsSvrCquA=
-21,-56,5x5Uh8j9uJM1a3fE/lhssgjvvJQ=,kj2IXw5hGyhu3a7tZ1g41CfR2dA=
-20,-54,5x5Uh8j9uJM1a3fE/lhssgjvvJQ=,kj2IXw5hGyhu3a7tZ1g41CfR2dA=
-25,-57,5x5Uh8j9uJM1a3fE/lhssgjvvJQ=,0EiKYQd7ViiU2Kctj/a707v3DuI=
-19,-53,5x5Uh8j9uJM1a3fE/lhssgjvvJQ=,kj2IXw5hGyhu3a7tZ1g41CfR2dA=
-18,-53,5x5Uh8j9uJM1a3fE/lhssgjvvJQ=,kj2IXw5hGyhu3a7tZ1g41CfR2dA=
-18,-54,5x5Uh8j9uJM1a3fE/lhssgjvvJQ=,kj2IXw5hGyhu3a7tZ1g41CfR2dA=
-17,-64,5x5Uh8j9uJM1a3fE/lhssgjvvJQ=,irLz0Lc4yW2V9QvbUkmsSvrCquA=
-21,-63,5x5Uh8j9uJM1a3fE/lhssgjvvJQ=,irLz0Lc4yW2V9QvbUkmsSvrCquA=
-24,-63,5x5Uh8j9uJM1a3fE/lhssgjvvJQ=,irLz0Lc4yW2V9QvbUkmsSvrCquA=
-22,-63,5x5Uh8j9uJM1a3fE/lhssgjvvJQ=,irLz0Lc4yW2V9QvbUkmsSvrCquA=
-25,-54,5x5Uh8j9uJM1a3fE/lhssgjvvJQ=,msLESYhLxAFcBvOsKHf5XYA7ixs=
-20,-63,5x5Uh8j9uJM1a3fE/lhssgjvvJQ=,irLz0Lc4yW2V9QvbUkmsSvrCquA=
-18,-57,5x5Uh8j9uJM1a3fE/lhssgjvvJQ=,irLz0Lc4yW2V9QvbUkmsSvrCquA=
-25,-50,5x5Uh8j9uJM1a3fE/lhssgjvvJQ=,msLESYhLxAFcBvOsKHf5XYA7ixs=
-18,-64,5x5Uh8j9uJM1a3fE/lhssgjvvJQ=,irLz0Lc4yW2V9QvbUkmsSvrCquA=
-23,-63,5x5Uh8j9uJM1a3fE/lhssgjvvJQ=,irLz0Lc4yW2V9QvbUkmsSvrCquA=
-19,-57,5x5Uh8j9uJM1a3fE/lhssgjvvJQ=,irLz0Lc4yW2V9QvbUkmsSvrCquA=
-23,-64,5x5Uh8j9uJM1a3fE/lhssgjvvJQ=,irLz0Lc4yW2V9QvbUkmsSvrCquA=
-24,-64,5x5Uh8j9uJM1a3fE/lhssgjvvJQ=,irLz0Lc4yW2V9QvbUkmsSvrCquA=
-21,-54,5x5Uh8j9uJM1a3fE/lhssgjvvJQ=,kj2IXw5hGyhu3a7tZ1g41CfR2dA=
-25,-55,5x5Uh8j9uJM1a3fE/lhssgjvvJQ=,msLESYhLxAFcBvOsKHf5XYA7ixs=
-25,-64,5x5Uh8j9uJM1a3fE/lhssgjvvJQ=,0EiKYQd7ViiU2Kctj/a707v3DuI=
-19,-64,5x5Uh8j9uJM1a3fE/lhssgjvvJQ=,irLz0Lc4yW2V9QvbUkmsSvrCquA=
-17,-58,5x5Uh8j9uJM1a3fE/lhssgjvvJQ=,irLz0Lc4yW2V9QvbUkmsSvrCquA=
-20,-57,5x5Uh8j9uJM1a3fE/lhssgjvvJQ=,irLz0Lc4yW2V9QvbUkmsSvrCquA=
-18,-58,5x5Uh8j9uJM1a3fE/lhssgjvvJQ=,irLz0Lc4yW2V9QvbUkmsSvrCquA=
-22,-64,5x5Uh8j9uJM1a3fE/lhssgjvvJQ=,irLz0Lc4yW2V9QvbUkmsSvrCquA=
-19,-58,5x5Uh8j9uJM1a3fE/lhssgjvvJQ=,irLz0Lc4yW2V9QvbUkmsSvrCquA=
-21,-64,5x5Uh8j9uJM1a3fE/lhssgjvvJQ=,irLz0Lc4yW2V9QvbUkmsSvrCquA=
-20,-64,5x5Uh8j9uJM1a3fE/lhssgjvvJQ=,irLz0Lc4yW2V9QvbUkmsSvrCquA=
-18,-49,5x5Uh8j9uJM1a3fE/lhssgjvvJQ=,kj2IXw5hGyhu3a7tZ1g41CfR2dA=
-25,-56,5x5Uh8j9uJM1a3fE/lhssgjvvJQ=,msLESYhLxAFcBvOsKHf5XYA7ixs=
-21,-57,5x5Uh8j9uJM1a3fE/lhssgjvvJQ=,irLz0Lc4yW2V9QvbUkmsSvrCquA=
-22,-54,5x5Uh8j9uJM1a3fE/lhssgjvvJQ=,kj2IXw5hGyhu3a7tZ1g41CfR2dA=
-24,-54,5x5Uh8j9uJM1a3fE/lhssgjvvJQ=,kj2IXw5hGyhu3a7tZ1g41CfR2dA=
-23,-54,5x5Uh8j9uJM1a3fE/lhssgjvvJQ=,kj2IXw5hGyhu3a7tZ1g41CfR2dA=
-25,-51,5x5Uh8j9uJM1a3fE/lhssgjvvJQ=,msLESYhLxAFcBvOsKHf5XYA7ixs=
-20,-58,5x5Uh8j9uJM1a3fE/lhssgjvvJQ=,irLz0Lc4yW2V9QvbUkmsSvrCquA=
-19,-49,5x5Uh8j9uJM1a3fE/lhssgjvvJQ=,kj2IXw5hGyhu3a7tZ1g41CfR2dA=
-24,-57,5x5Uh8j9uJM1a3fE/lhssgjvvJQ=,irLz0Lc4yW2V9QvbUkmsSvrCquA=
-22,-55,5x5Uh8j9uJM1a3fE/lhssgjvvJQ=,kj2IXw5hGyhu3a7tZ1g41CfR2dA=
-17,-53,5x5Uh8j9uJM1a3fE/lhssgjvvJQ=,kj2IXw5hGyhu3a7tZ1g41CfR2dA=
-25,-59,5x5Uh8j9uJM1a3fE/lhssgjvvJQ=,0EiKYQd7ViiU2Kctj/a707v3DuI=
-21,-58,5x5Uh8j9uJM1a3fE/lhssgjvvJQ=,irLz0Lc4yW2V9QvbUkmsSvrCquA=
-21,-53,5x5Uh8j9uJM1a3fE/lhssgjvvJQ=,kj2IXw5hGyhu3a7tZ1g41CfR2dA=
-23,-57,5x5Uh8j9uJM1a3fE/lhssgjvvJQ=,irLz0Lc4yW2V9QvbUkmsSvrCquA=
-22,-57,5x5Uh8j9uJM1a3fE/lhssgjvvJQ=,irLz0Lc4yW2V9QvbUkmsSvrCquA=
-24,-52,5x5Uh8j9uJM1a3fE/lhssgjvvJQ=,kj2IXw5hGyhu3a7tZ1g41CfR2dA=
-20,-49,5x5Uh8j9uJM1a3fE/lhssgjvvJQ=,kj2IXw5hGyhu3a7tZ1g41CfR2dA=
-17,-59,5x5Uh8j9uJM1a3fE/lhssgjvvJQ=,irLz0Lc4yW2V9QvbUkmsSvrCquA=
-22,-58,5x5Uh8j9uJM1a3fE/lhssgjvvJQ=,irLz0Lc4yW2V9QvbUkmsSvrCquA=
-18,-59,5x5Uh8j9uJM1a3fE/lhssgjvvJQ=,irLz0Lc4yW2V9QvbUkmsSvrCquA=
-21,-49,5x5Uh8j9uJM1a3fE/lhssgjvvJQ=,kj2IXw5hGyhu3a7tZ1g41CfR2dA=
-23,-58,5x5Uh8j9uJM1a3fE/lhssgjvvJQ=,irLz0Lc4yW2V9QvbUkmsSvrCquA=
-19,-59,5x5Uh8j9uJM1a3fE/lhssgjvvJQ=,irLz0Lc4yW2V9QvbUkmsSvrCquA=
-20,-59,5x5Uh8j9uJM1a3fE/lhssgjvvJQ=,irLz0Lc4yW2V9QvbUkmsSvrCquA=
-24,-58,5x5Uh8j9uJM1a3fE/lhssgjvvJQ=,irLz0Lc4yW2V9QvbUkmsSvrCquA=
-17,-50,5x5Uh8j9uJM1a3fE/lhssgjvvJQ=,kj2IXw5hGyhu3a7tZ1g41CfR2dA=
-22,-49,5x5Uh8j9uJM1a3fE/lhssgjvvJQ=,kj2IXw5hGyhu3a7tZ1g41CfR2dA=
-23,-55,5x5Uh8j9uJM1a3fE/lhssgjvvJQ=,kj2IXw5hGyhu3a7tZ1g41CfR2dA=
-18,-50,5x5Uh8j9uJM1a3fE/lhssgjvvJQ=,kj2IXw5hGyhu3a7tZ1g41CfR2dA=
-24,-56,5x5Uh8j9uJM1a3fE/lhssgjvvJQ=,kj2IXw5hGyhu3a7tZ1g41CfR2dA=
-25,-60,5x5Uh8j9uJM1a3fE/lhssgjvvJQ=,0EiKYQd7ViiU2Kctj/a707v3DuI=
-24,-49,5x5Uh8j9uJM1a3fE/lhssgjvvJQ=,kj2IXw5hGyhu3a7tZ1g41CfR2dA=
-23,-49,5x5Uh8j9uJM1a3fE/lhssgjvvJQ=,kj2IXw5hGyhu3a7tZ1g41CfR2dA=
-19,-50,5x5Uh8j9uJM1a3fE/lhssgjvvJQ=,kj2IXw5hGyhu3a7tZ1g41CfR2dA=
-21,-59,5x5Uh8j9uJM1a3fE/lhssgjvvJQ=,irLz0Lc4yW2V9QvbUkmsSvrCquA=
-17,-55,5x5Uh8j9uJM1a3fE/lhssgjvvJQ=,kj2IXw5hGyhu3a7tZ1g41CfR2dA=
-22,-59,5x5Uh8j9uJM1a3fE/lhssgjvvJQ=,irLz0Lc4yW2V9QvbUkmsSvrCquA=
-23,-52,5x5Uh8j9uJM1a3fE/lhssgjvvJQ=,kj2IXw5hGyhu3a7tZ1g41CfR2dA=
-20,-50,5x5Uh8j9uJM1a3fE/lhssgjvvJQ=,kj2IXw5hGyhu3a7tZ1g41CfR2dA=
-17,-60,5x5Uh8j9uJM1a3fE/lhssgjvvJQ=,irLz0Lc4yW2V9QvbUkmsSvrCquA=
-18,-60,5x5Uh8j9uJM1a3fE/lhssgjvvJQ=,irLz0Lc4yW2V9QvbUkmsSvrCquA=
-18,-55,5x5Uh8j9uJM1a3fE/lhssgjvvJQ=,kj2IXw5hGyhu3a7tZ1g41CfR2dA=
-21,-50,5x5Uh8j9uJM1a3fE/lhssgjvvJQ=,kj2IXw5hGyhu3a7tZ1g41CfR2dA=
-19,-60,5x5Uh8j9uJM1a3fE/lhssgjvvJQ=,irLz0Lc4yW2V9QvbUkmsSvrCquA=
-23,-59,5x5Uh8j9uJM1a3fE/lhssgjvvJQ=,irLz0Lc4yW2V9QvbUkmsSvrCquA=
-24,-59,5x5Uh8j9uJM1a3fE/lhssgjvvJQ=,irLz0Lc4yW2V9QvbUkmsSvrCquA=
-20,-60,5x5Uh8j9uJM1a3fE/lhssgjvvJQ=,irLz0Lc4yW2V9QvbUkmsSvrCquA=
-24,-55,5x5Uh8j9uJM1a3fE/lhssgjvvJQ=,kj2IXw5hGyhu3a7tZ1g41CfR2dA=
-22,-50,5x5Uh8j9uJM1a3fE/lhssgjvvJQ=,kj2IXw5hGyhu3a7tZ1g41CfR2dA=
-22,-52,5x5Uh8j9uJM1a3fE/lhssgjvvJQ=,kj2IXw5hGyhu3a7tZ1g41CfR2dA=
-22,-53,5x5Uh8j9uJM1a3fE/lhssgjvvJQ=,kj2IXw5hGyhu3a7tZ1g41CfR2dA=
-21,-60,5x5Uh8j9uJM1a3fE/lhssgjvvJQ=,irLz0Lc4yW2V9QvbUkmsSvrCquA=
-17,-61,5x5Uh8j9uJM1a3fE/lhssgjvvJQ=,irLz0Lc4yW2V9QvbUkmsSvrCquA=
-23,-53,5x5Uh8j9uJM1a3fE/lhssgjvvJQ=,kj2IXw5hGyhu3a7tZ1g41CfR2dA=
-18,-61,5x5Uh8j9uJM1a3fE/lhssgjvvJQ=,irLz0Lc4yW2V9QvbUkmsSvrCquA=
-24,-50,5x5Uh8j9uJM1a3fE/lhssgjvvJQ=,kj2IXw5hGyhu3a7tZ1g41CfR2dA=
-17,-51,5x5Uh8j9uJM1a3fE/lhssgjvvJQ=,kj2IXw5hGyhu3a7tZ1g41CfR2dA=
-17,-56,5x5Uh8j9uJM1a3fE/lhssgjvvJQ=,kj2IXw5hGyhu3a7tZ1g41CfR2dA=
-18,-51,5x5Uh8j9uJM1a3fE/lhssgjvvJQ=,kj2IXw5hGyhu3a7tZ1g41CfR2dA=
-23,-50,5x5Uh8j9uJM1a3fE/lhssgjvvJQ=,kj2IXw5hGyhu3a7tZ1g41CfR2dA=
-19,-55,5x5Uh8j9uJM1a3fE/lhssgjvvJQ=,kj2IXw5hGyhu3a7tZ1g41CfR2dA=
-25,-52,5x5Uh8j9uJM1a3fE/lhssgjvvJQ=,msLESYhLxAFcBvOsKHf5XYA7ixs=
-23,-60,5x5Uh8j9uJM1a3fE/lhssgjvvJQ=,irLz0Lc4yW2V9QvbUkmsSvrCquA=
-18,-56,5x5Uh8j9uJM1a3fE/lhssgjvvJQ=,kj2IXw5hGyhu3a7tZ1g41CfR2dA=
-22,-60,5x5Uh8j9uJM1a3fE/lhssgjvvJQ=,irLz0Lc4yW2V9QvbUkmsSvrCquA=
-19,-56,5x5Uh8j9uJM1a3fE/lhssgjvvJQ=,kj2IXw5hGyhu3a7tZ1g41CfR2dA=
-20,-55,5x5Uh8j9uJM1a3fE/lhssgjvvJQ=,kj2IXw5hGyhu3a7tZ1g41CfR2dA=
-20,-56,5x5Uh8j9uJM1a3fE/lhssgjvvJQ=,kj2IXw5hGyhu3a7tZ1g41CfR2dA=
-19,-61,5x5Uh8j9uJM1a3fE/lhssgjvvJQ=,irLz0Lc4yW2V9QvbUkmsSvrCquA=
-25,-61,5x5Uh8j9uJM1a3fE/lhssgjvvJQ=,0EiKYQd7ViiU2Kctj/a707v3DuI=
-21,-52,5x5Uh8j9uJM1a3fE/lhssgjvvJQ=,kj2IXw5hGyhu3a7tZ1g41CfR2dA=
-24,-60,5x5Uh8j9uJM1a3fE/lhssgjvvJQ=,irLz0Lc4yW2V9QvbUkmsSvrCquA=
-25,-53,5x5Uh8j9uJM1a3fE/lhssgjvvJQ=,msLESYhLxAFcBvOsKHf5XYA7ixs=
-21,-55,5x5Uh8j9uJM1a3fE/lhssgjvvJQ=,kj2IXw5hGyhu3a7tZ1g41CfR2dA=
-19,-51,5x5Uh8j9uJM1a3fE/lhssgjvvJQ=,kj2IXw5hGyhu3a7tZ1g41CfR2dA=
-24,-51,5x5Uh8j9uJM1a3fE/lhssgjvvJQ=,kj2IXw5hGyhu3a7tZ1g41CfR2dA=
-17,-52,5x5Uh8j9uJM1a3fE/lhssgjvvJQ=,kj2IXw5hGyhu3a7tZ1g41CfR2dA=
-18,-52,5x5Uh8j9uJM1a3fE/lhssgjvvJQ=,kj2IXw5hGyhu3a7tZ1g41CfR2dA=
-17,-54,5x5Uh8j9uJM1a3fE/lhssgjvvJQ=,kj2IXw5hGyhu3a7tZ1g41CfR2dA=
-24,-53,5x5Uh8j9uJM1a3fE/lhssgjvvJQ=,kj2IXw5hGyhu3a7tZ1g41CfR2dA=
-23,-56,5x5Uh8j9uJM1a3fE/lhssgjvvJQ=,kj2IXw5hGyhu3a7tZ1g41CfR2dA=
-22,-56,5x5Uh8j9uJM1a3fE/lhssgjvvJQ=,kj2IXw5hGyhu3a7tZ1g41CfR2dA=
-22,-51,5x5Uh8j9uJM1a3fE/lhssgjvvJQ=,kj2IXw5hGyhu3a7tZ1g41CfR2dA=
-20,-51,5x5Uh8j9uJM1a3fE/lhssgjvvJQ=,kj2IXw5hGyhu3a7tZ1g41CfR2dA=
-19,-52,5x5Uh8j9uJM1a3fE/lhssgjvvJQ=,kj2IXw5hGyhu3a7tZ1g41CfR2dA=
-21,-51,5x5Uh8j9uJM1a3fE/lhssgjvvJQ=,kj2IXw5hGyhu3a7tZ1g41CfR2dA=
-20,-52,5x5Uh8j9uJM1a3fE/lhssgjvvJQ=,kj2IXw5hGyhu3a7tZ1g41CfR2dA=
-23,-51,5x5Uh8j9uJM1a3fE/lhssgjvvJQ=,kj2IXw5hGyhu3a7tZ1g41CfR2dA=
-28,-43,5x5Uh8j9uJM1a3fE/lhssgjvvJQ=,rhGMWjpt5CkbhoI+DwFkg/Q6qjE=
-32,-42,5x5Uh8j9uJM1a3fE/lhssgjvvJQ=,rhGMWjpt5CkbhoI+DwFkg/Q6qjE=
-32,-47,5x5Uh8j9uJM1a3fE/lhssgjvvJQ=,rhGMWjpt5CkbhoI+DwFkg/Q6qjE=
-32,-46,5x5Uh8j9uJM1a3fE/lhssgjvvJQ=,rhGMWjpt5CkbhoI+DwFkg/Q6qjE=
-32,-45,5x5Uh8j9uJM1a3fE/lhssgjvvJQ=,rhGMWjpt5CkbhoI+DwFkg/Q6qjE=
-32,-44,5x5Uh8j9uJM1a3fE/lhssgjvvJQ=,rhGMWjpt5CkbhoI+DwFkg/Q6qjE=
-32,-43,5x5Uh8j9uJM1a3fE/lhssgjvvJQ=,rhGMWjpt5CkbhoI+DwFkg/Q6qjE=
-32,-41,5x5Uh8j9uJM1a3fE/lhssgjvvJQ=,rhGMWjpt5CkbhoI+DwFkg/Q6qjE=
-32,-48,5x5Uh8j9uJM1a3fE/lhssgjvvJQ=,rhGMWjpt5CkbhoI+DwFkg/Q6qjE=
-27,-43,5x5Uh8j9uJM1a3fE/lhssgjvvJQ=,rhGMWjpt5CkbhoI+DwFkg/Q6qjE=
-26,-43,5x5Uh8j9uJM1a3fE/lhssgjvvJQ=,rhGMWjpt5CkbhoI+DwFkg/Q6qjE=
-31,-42,5x5Uh8j9uJM1a3fE/lhssgjvvJQ=,rhGMWjpt5CkbhoI+DwFkg/Q6qjE=
-30,-42,5x5Uh8j9uJM1a3fE/lhssgjvvJQ=,rhGMWjpt5CkbhoI+DwFkg/Q6qjE=
-31,-48,5x5Uh8j9uJM1a3fE/lhssgjvvJQ=,rhGMWjpt5CkbhoI+DwFkg/Q6qjE=
-30,-48,5x5Uh8j9uJM1a3fE/lhssgjvvJQ=,rhGMWjpt5CkbhoI+DwFkg/Q6qjE=
-29,-48,5x5Uh8j9uJM1a3fE/lhssgjvvJQ=,rhGMWjpt5CkbhoI+DwFkg/Q6qjE=
-29,-42,5x5Uh8j9uJM1a3fE/lhssgjvvJQ=,rhGMWjpt5CkbhoI+DwFkg/Q6qjE=
-28,-42,5x5Uh8j9uJM1a3fE/lhssgjvvJQ=,rhGMWjpt5CkbhoI+DwFkg/Q6qjE=
-27,-42,5x5Uh8j9uJM1a3fE/lhssgjvvJQ=,rhGMWjpt5CkbhoI+DwFkg/Q6qjE=
-26,-42,5x5Uh8j9uJM1a3fE/lhssgjvvJQ=,rhGMWjpt5CkbhoI+DwFkg/Q6qjE=
-28,-48,5x5Uh8j9uJM1a3fE/lhssgjvvJQ=,rhGMWjpt5CkbhoI+DwFkg/Q6qjE=
-31,-41,5x5Uh8j9uJM1a3fE/lhssgjvvJQ=,rhGMWjpt5CkbhoI+DwFkg/Q6qjE=
-30,-41,5x5Uh8j9uJM1a3fE/lhssgjvvJQ=,rhGMWjpt5CkbhoI+DwFkg/Q6qjE=
-29,-41,5x5Uh8j9uJM1a3fE/lhssgjvvJQ=,rhGMWjpt5CkbhoI+DwFkg/Q6qjE=
-28,-41,5x5Uh8j9uJM1a3fE/lhssgjvvJQ=,rhGMWjpt5CkbhoI+DwFkg/Q6qjE=
-27,-48,5x5Uh8j9uJM1a3fE/lhssgjvvJQ=,rhGMWjpt5CkbhoI+DwFkg/Q6qjE=
-27,-41,5x5Uh8j9uJM1a3fE/lhssgjvvJQ=,rhGMWjpt5CkbhoI+DwFkg/Q6qjE=
-26,-41,5x5Uh8j9uJM1a3fE/lhssgjvvJQ=,rhGMWjpt5CkbhoI+DwFkg/Q6qjE=
-26,-48,5x5Uh8j9uJM1a3fE/lhssgjvvJQ=,rhGMWjpt5CkbhoI+DwFkg/Q6qjE=
-31,-47,5x5Uh8j9uJM1a3fE/lhssgjvvJQ=,rhGMWjpt5CkbhoI+DwFkg/Q6qjE=
-30,-47,5x5Uh8j9uJM1a3fE/lhssgjvvJQ=,rhGMWjpt5CkbhoI+DwFkg/Q6qjE=
-29,-47,5x5Uh8j9uJM1a3fE/lhssgjvvJQ=,rhGMWjpt5CkbhoI+DwFkg/Q6qjE=
-28,-47,5x5Uh8j9uJM1a3fE/lhssgjvvJQ=,rhGMWjpt5CkbhoI+DwFkg/Q6qjE=
-27,-47,5x5Uh8j9uJM1a3fE/lhssgjvvJQ=,rhGMWjpt5CkbhoI+DwFkg/Q6qjE=
-26,-47,5x5Uh8j9uJM1a3fE/lhssgjvvJQ=,rhGMWjpt5CkbhoI+DwFkg/Q6qjE=
-31,-46,5x5Uh8j9uJM1a3fE/lhssgjvvJQ=,rhGMWjpt5CkbhoI+DwFkg/Q6qjE=
-30,-46,5x5Uh8j9uJM1a3fE/lhssgjvvJQ=,rhGMWjpt5CkbhoI+DwFkg/Q6qjE=
-29,-46,5x5Uh8j9uJM1a3fE/lhssgjvvJQ=,rhGMWjpt5CkbhoI+DwFkg/Q6qjE=
-28,-46,5x5Uh8j9uJM1a3fE/lhssgjvvJQ=,rhGMWjpt5CkbhoI+DwFkg/Q6qjE=
-27,-46,5x5Uh8j9uJM1a3fE/lhssgjvvJQ=,rhGMWjpt5CkbhoI+DwFkg/Q6qjE=
-26,-46,5x5Uh8j9uJM1a3fE/lhssgjvvJQ=,rhGMWjpt5CkbhoI+DwFkg/Q6qjE=
-31,-45,5x5Uh8j9uJM1a3fE/lhssgjvvJQ=,rhGMWjpt5CkbhoI+DwFkg/Q6qjE=
-30,-45,5x5Uh8j9uJM1a3fE/lhssgjvvJQ=,rhGMWjpt5CkbhoI+DwFkg/Q6qjE=
-29,-45,5x5Uh8j9uJM1a3fE/lhssgjvvJQ=,rhGMWjpt5CkbhoI+DwFkg/Q6qjE=
-28,-45,5x5Uh8j9uJM1a3fE/lhssgjvvJQ=,rhGMWjpt5CkbhoI+DwFkg/Q6qjE=
-27,-45,5x5Uh8j9uJM1a3fE/lhssgjvvJQ=,rhGMWjpt5CkbhoI+DwFkg/Q6qjE=
-26,-45,5x5Uh8j9uJM1a3fE/lhssgjvvJQ=,rhGMWjpt5CkbhoI+DwFkg/Q6qjE=
-31,-44,5x5Uh8j9uJM1a3fE/lhssgjvvJQ=,rhGMWjpt5CkbhoI+DwFkg/Q6qjE=
-30,-44,5x5Uh8j9uJM1a3fE/lhssgjvvJQ=,rhGMWjpt5CkbhoI+DwFkg/Q6qjE=
-29,-44,5x5Uh8j9uJM1a3fE/lhssgjvvJQ=,rhGMWjpt5CkbhoI+DwFkg/Q6qjE=
-28,-44,5x5Uh8j9uJM1a3fE/lhssgjvvJQ=,rhGMWjpt5CkbhoI+DwFkg/Q6qjE=
-27,-44,5x5Uh8j9uJM1a3fE/lhssgjvvJQ=,rhGMWjpt5CkbhoI+DwFkg/Q6qjE=
-26,-44,5x5Uh8j9uJM1a3fE/lhssgjvvJQ=,rhGMWjpt5CkbhoI+DwFkg/Q6qjE=
-31,-43,5x5Uh8j9uJM1a3fE/lhssgjvvJQ=,rhGMWjpt5CkbhoI+DwFkg/Q6qjE=
-30,-43,5x5Uh8j9uJM1a3fE/lhssgjvvJQ=,rhGMWjpt5CkbhoI+DwFkg/Q6qjE=
-29,-43,5x5Uh8j9uJM1a3fE/lhssgjvvJQ=,rhGMWjpt5CkbhoI+DwFkg/Q6qjE=
-17,-42,ffD2WVGPfMTKS6dRXQZ/qafI6h0=,P9m3OXQYgM+yxrjS2TGxGpSzodA=
-18,-42,ffD2WVGPfMTKS6dRXQZ/qafI6h0=,P9m3OXQYgM+yxrjS2TGxGpSzodA=
-19,-42,ffD2WVGPfMTKS6dRXQZ/qafI6h0=,P9m3OXQYgM+yxrjS2TGxGpSzodA=
-20,-42,ffD2WVGPfMTKS6dRXQZ/qafI6h0=,P9m3OXQYgM+yxrjS2TGxGpSzodA=
-20,-41,ffD2WVGPfMTKS6dRXQZ/qafI6h0=,P9m3OXQYgM+yxrjS2TGxGpSzodA=
-20,-33,ffD2WVGPfMTKS6dRXQZ/qafI6h0=,KeWqUkWCnrbvaEDad31f+9lfKlw=
-19,-33,ffD2WVGPfMTKS6dRXQZ/qafI6h0=,KeWqUkWCnrbvaEDad31f+9lfKlw=
-19,-41,ffD2WVGPfMTKS6dRXQZ/qafI6h0=,P9m3OXQYgM+yxrjS2TGxGpSzodA=
-18,-41,ffD2WVGPfMTKS6dRXQZ/qafI6h0=,P9m3OXQYgM+yxrjS2TGxGpSzodA=
-18,-33,ffD2WVGPfMTKS6dRXQZ/qafI6h0=,KeWqUkWCnrbvaEDad31f+9lfKlw=
-17,-33,ffD2WVGPfMTKS6dRXQZ/qafI6h0=,KeWqUkWCnrbvaEDad31f+9lfKlw=
-24,-35,ffD2WVGPfMTKS6dRXQZ/qafI6h0=,KeWqUkWCnrbvaEDad31f+9lfKlw=
-24,-36,ffD2WVGPfMTKS6dRXQZ/qafI6h0=,KeWqUkWCnrbvaEDad31f+9lfKlw=
-17,-41,ffD2WVGPfMTKS6dRXQZ/qafI6h0=,P9m3OXQYgM+yxrjS2TGxGpSzodA=
-25,-43,ffD2WVGPfMTKS6dRXQZ/qafI6h0=,rhGMWjpt5CkbhoI+DwFkg/Q6qjE=
-25,-44,ffD2WVGPfMTKS6dRXQZ/qafI6h0=,rhGMWjpt5CkbhoI+DwFkg/Q6qjE=
-19,-34,ffD2WVGPfMTKS6dRXQZ/qafI6h0=,KeWqUkWCnrbvaEDad31f+9lfKlw=
-21,-42,ffD2WVGPfMTKS6dRXQZ/qafI6h0=,P9m3OXQYgM+yxrjS2TGxGpSzodA=
-17,-43,ffD2WVGPfMTKS6dRXQZ/qafI6h0=,P9m3OXQYgM+yxrjS2TGxGpSzodA=
-18,-43,ffD2WVGPfMTKS6dRXQZ/qafI6h0=,P9m3OXQYgM+yxrjS2TGxGpSzodA=
-19,-43,ffD2WVGPfMTKS6dRXQZ/qafI6h0=,P9m3OXQYgM+yxrjS2TGxGpSzodA=
-20,-43,ffD2WVGPfMTKS6dRXQZ/qafI6h0=,P9m3OXQYgM+yxrjS2TGxGpSzodA=
-24,-48,ffD2WVGPfMTKS6dRXQZ/qafI6h0=,P9m3OXQYgM+yxrjS2TGxGpSzodA=
-22,-42,ffD2WVGPfMTKS6dRXQZ/qafI6h0=,P9m3OXQYgM+yxrjS2TGxGpSzodA=
-23,-42,ffD2WVGPfMTKS6dRXQZ/qafI6h0=,P9m3OXQYgM+yxrjS2TGxGpSzodA=
-21,-43,ffD2WVGPfMTKS6dRXQZ/qafI6h0=,P9m3OXQYgM+yxrjS2TGxGpSzodA=
-25,-45,ffD2WVGPfMTKS6dRXQZ/qafI6h0=,rhGMWjpt5CkbhoI+DwFkg/Q6qjE=
-17,-44,ffD2WVGPfMTKS6dRXQZ/qafI6h0=,P9m3OXQYgM+yxrjS2TGxGpSzodA=
-22,-40,ffD2WVGPfMTKS6dRXQZ/qafI6h0=,KeWqUkWCnrbvaEDad31f+9lfKlw=
-18,-44,ffD2WVGPfMTKS6dRXQZ/qafI6h0=,P9m3OXQYgM+yxrjS2TGxGpSzodA=
-20,-44,ffD2WVGPfMTKS6dRXQZ/qafI6h0=,P9m3OXQYgM+yxrjS2TGxGpSzodA=
-19,-44,ffD2WVGPfMTKS6dRXQZ/qafI6h0=,P9m3OXQYgM+yxrjS2TGxGpSzodA=
-24,-42,ffD2WVGPfMTKS6dRXQZ/qafI6h0=,P9m3OXQYgM+yxrjS2TGxGpSzodA=
-21,-44,ffD2WVGPfMTKS6dRXQZ/qafI6h0=,P9m3OXQYgM+yxrjS2TGxGpSzodA=
-23,-43,ffD2WVGPfMTKS6dRXQZ/qafI6h0=,P9m3OXQYgM+yxrjS2TGxGpSzodA=
-22,-43,ffD2WVGPfMTKS6dRXQZ/qafI6h0=,P9m3OXQYgM+yxrjS2TGxGpSzodA=
-17,-45,ffD2WVGPfMTKS6dRXQZ/qafI6h0=,P9m3OXQYgM+yxrjS2TGxGpSzodA=
-19,-45,ffD2WVGPfMTKS6dRXQZ/qafI6h0=,P9m3OXQYgM+yxrjS2TGxGpSzodA=
-18,-45,ffD2WVGPfMTKS6dRXQZ/qafI6h0=,P9m3OXQYgM+yxrjS2TGxGpSzodA=
-24,-43,ffD2WVGPfMTKS6dRXQZ/qafI6h0=,P9m3OXQYgM+yxrjS2TGxGpSzodA=
-20,-45,ffD2WVGPfMTKS6dRXQZ/qafI6h0=,P9m3OXQYgM+yxrjS2TGxGpSzodA=
-21,-45,ffD2WVGPfMTKS6dRXQZ/qafI6h0=,P9m3OXQYgM+yxrjS2TGxGpSzodA=
-22,-39,ffD2WVGPfMTKS6dRXQZ/qafI6h0=,KeWqUkWCnrbvaEDad31f+9lfKlw=
-23,-35,ffD2WVGPfMTKS6dRXQZ/qafI6h0=,KeWqUkWCnrbvaEDad31f+9lfKlw=
-23,-36,ffD2WVGPfMTKS6dRXQZ/qafI6h0=,KeWqUkWCnrbvaEDad31f+9lfKlw=
-22,-35,ffD2WVGPfMTKS6dRXQZ/qafI6h0=,KeWqUkWCnrbvaEDad31f+9lfKlw=
-25,-41,ffD2WVGPfMTKS6dRXQZ/qafI6h0=,rhGMWjpt5CkbhoI+DwFkg/Q6qjE=
-25,-46,ffD2WVGPfMTKS6dRXQZ/qafI6h0=,rhGMWjpt5CkbhoI+DwFkg/Q6qjE=
-22,-44,ffD2WVGPfMTKS6dRXQZ/qafI6h0=,P9m3OXQYgM+yxrjS2TGxGpSzodA=
-23,-44,ffD2WVGPfMTKS6dRXQZ/qafI6h0=,P9m3OXQYgM+yxrjS2TGxGpSzodA=
-17,-46,ffD2WVGPfMTKS6dRXQZ/qafI6h0=,P9m3OXQYgM+yxrjS2TGxGpSzodA=
-18,-46,ffD2WVGPfMTKS6dRXQZ/qafI6h0=,P9m3OXQYgM+yxrjS2TGxGpSzodA=
-19,-46,ffD2WVGPfMTKS6dRXQZ/qafI6h0=,P9m3OXQYgM+yxrjS2TGxGpSzodA=
-24,-44,ffD2WVGPfMTKS6dRXQZ/qafI6h0=,P9m3OXQYgM+yxrjS2TGxGpSzodA=
-20,-46,ffD2WVGPfMTKS6dRXQZ/qafI6h0=,P9m3OXQYgM+yxrjS2TGxGpSzodA=
-22,-45,ffD2WVGPfMTKS6dRXQZ/qafI6h0=,P9m3OXQYgM+yxrjS2TGxGpSzodA=
-21,-46,ffD2WVGPfMTKS6dRXQZ/qafI6h0=,P9m3OXQYgM+yxrjS2TGxGpSzodA=
-23,-45,ffD2WVGPfMTKS6dRXQZ/qafI6h0=,P9m3OXQYgM+yxrjS2TGxGpSzodA=
-21,-41,ffD2WVGPfMTKS6dRXQZ/qafI6h0=,P9m3OXQYgM+yxrjS2TGxGpSzodA=
-25,-47,ffD2WVGPfMTKS6dRXQZ/qafI6h0=,rhGMWjpt5CkbhoI+DwFkg/Q6qjE=
-24,-45,ffD2WVGPfMTKS6dRXQZ/qafI6h0=,P9m3OXQYgM+yxrjS2TGxGpSzodA=
-17,-47,ffD2WVGPfMTKS6dRXQZ/qafI6h0=,P9m3OXQYgM+yxrjS2TGxGpSzodA=
-18,-47,ffD2WVGPfMTKS6dRXQZ/qafI6h0=,P9m3OXQYgM+yxrjS2TGxGpSzodA=
-21,-39,ffD2WVGPfMTKS6dRXQZ/qafI6h0=,KeWqUkWCnrbvaEDad31f+9lfKlw=
-22,-36,ffD2WVGPfMTKS6dRXQZ/qafI6h0=,KeWqUkWCnrbvaEDad31f+9lfKlw=
-21,-36,ffD2WVGPfMTKS6dRXQZ/qafI6h0=,KeWqUkWCnrbvaEDad31f+9lfKlw=
-22,-46,ffD2WVGPfMTKS6dRXQZ/qafI6h0=,P9m3OXQYgM+yxrjS2TGxGpSzodA=
-19,-47,ffD2WVGPfMTKS6dRXQZ/qafI6h0=,P9m3OXQYgM+yxrjS2TGxGpSzodA=
-20,-47,ffD2WVGPfMTKS6dRXQZ/qafI6h0=,P9m3OXQYgM+yxrjS2TGxGpSzodA=
-21,-47,ffD2WVGPfMTKS6dRXQZ/qafI6h0=,P9m3OXQYgM+yxrjS2TGxGpSzodA=
-22,-41,ffD2WVGPfMTKS6dRXQZ/qafI6h0=,P9m3OXQYgM+yxrjS2TGxGpSzodA=
-22,-47,ffD2WVGPfMTKS6dRXQZ/qafI6h0=,P9m3OXQYgM+yxrjS2TGxGpSzodA=
-23,-46,ffD2WVGPfMTKS6dRXQZ/qafI6h0=,P9m3OXQYgM+yxrjS2TGxGpSzodA=
-17,-48,ffD2WVGPfMTKS6dRXQZ/qafI6h0=,P9m3OXQYgM+yxrjS2TGxGpSzodA=
-18,-48,ffD2WVGPfMTKS6dRXQZ/qafI6h0=,P9m3OXQYgM+yxrjS2TGxGpSzodA=
-23,-48,ffD2WVGPfMTKS6dRXQZ/qafI6h0=,P9m3OXQYgM+yxrjS2TGxGpSzodA=
-25,-48,ffD2WVGPfMTKS6dRXQZ/qafI6h0=,rhGMWjpt5CkbhoI+DwFkg/Q6qjE=
-19,-48,ffD2WVGPfMTKS6dRXQZ/qafI6h0=,P9m3OXQYgM+yxrjS2TGxGpSzodA=
-21,-33,ffD2WVGPfMTKS6dRXQZ/qafI6h0=,KeWqUkWCnrbvaEDad31f+9lfKlw=
-21,-40,ffD2WVGPfMTKS6dRXQZ/qafI6h0=,KeWqUkWCnrbvaEDad31f+9lfKlw=
-21,-35,ffD2WVGPfMTKS6dRXQZ/qafI6h0=,KeWqUkWCnrbvaEDad31f+9lfKlw=
-20,-48,ffD2WVGPfMTKS6dRXQZ/qafI6h0=,P9m3OXQYgM+yxrjS2TGxGpSzodA=
-25,-42,ffD2WVGPfMTKS6dRXQZ/qafI6h0=,rhGMWjpt5CkbhoI+DwFkg/Q6qjE=
-23,-47,ffD2WVGPfMTKS6dRXQZ/qafI6h0=,P9m3OXQYgM+yxrjS2TGxGpSzodA=
-21,-48,ffD2WVGPfMTKS6dRXQZ/qafI6h0=,P9m3OXQYgM+yxrjS2TGxGpSzodA=
-23,-41,ffD2WVGPfMTKS6dRXQZ/qafI6h0=,P9m3OXQYgM+yxrjS2TGxGpSzodA=
-22,-33,ffD2WVGPfMTKS6dRXQZ/qafI6h0=,KeWqUkWCnrbvaEDad31f+9lfKlw=
-24,-46,ffD2WVGPfMTKS6dRXQZ/qafI6h0=,P9m3OXQYgM+yxrjS2TGxGpSzodA=
-23,-33,ffD2WVGPfMTKS6dRXQZ/qafI6h0=,KeWqUkWCnrbvaEDad31f+9lfKlw=
-24,-47,ffD2WVGPfMTKS6dRXQZ/qafI6h0=,P9m3OXQYgM+yxrjS2TGxGpSzodA=
-24,-33,ffD2WVGPfMTKS6dRXQZ/qafI6h0=,KeWqUkWCnrbvaEDad31f+9lfKlw=
-17,-34,ffD2WVGPfMTKS6dRXQZ/qafI6h0=,KeWqUkWCnrbvaEDad31f+9lfKlw=
-23,-40,ffD2WVGPfMTKS6dRXQZ/qafI6h0=,KeWqUkWCnrbvaEDad31f+9lfKlw=
-17,-39,ffD2WVGPfMTKS6dRXQZ/qafI6h0=,KeWqUkWCnrbvaEDad31f+9lfKlw=
-24,-41,ffD2WVGPfMTKS6dRXQZ/qafI6h0=,P9m3OXQYgM+yxrjS2TGxGpSzodA=
-18,-34,ffD2WVGPfMTKS6dRXQZ/qafI6h0=,KeWqUkWCnrbvaEDad31f+9lfKlw=
-17,-36,ffD2WVGPfMTKS6dRXQZ/qafI6h0=,KeWqUkWCnrbvaEDad31f+9lfKlw=
-23,-38,ffD2WVGPfMTKS6dRXQZ/qafI6h0=,KeWqUkWCnrbvaEDad31f+9lfKlw=
-24,-40,ffD2WVGPfMTKS6dRXQZ/qafI6h0=,KeWqUkWCnrbvaEDad31f+9lfKlw=
-22,-38,ffD2WVGPfMTKS6dRXQZ/qafI6h0=,KeWqUkWCnrbvaEDad31f+9lfKlw=
-18,-39,ffD2WVGPfMTKS6dRXQZ/qafI6h0=,KeWqUkWCnrbvaEDad31f+9lfKlw=
-24,-39,ffD2WVGPfMTKS6dRXQZ/qafI6h0=,KeWqUkWCnrbvaEDad31f+9lfKlw=
-17,-40,ffD2WVGPfMTKS6dRXQZ/qafI6h0=,KeWqUkWCnrbvaEDad31f+9lfKlw=
-23,-39,ffD2WVGPfMTKS6dRXQZ/qafI6h0=,KeWqUkWCnrbvaEDad31f+9lfKlw=
-24,-38,ffD2WVGPfMTKS6dRXQZ/qafI6h0=,KeWqUkWCnrbvaEDad31f+9lfKlw=
-19,-36,ffD2WVGPfMTKS6dRXQZ/qafI6h0=,KeWqUkWCnrbvaEDad31f+9lfKlw=
-21,-38,ffD2WVGPfMTKS6dRXQZ/qafI6h0=,KeWqUkWCnrbvaEDad31f+9lfKlw=
-20,-35,ffD2WVGPfMTKS6dRXQZ/qafI6h0=,KeWqUkWCnrbvaEDad31f+9lfKlw=
-20,-39,ffD2WVGPfMTKS6dRXQZ/qafI6h0=,KeWqUkWCnrbvaEDad31f+9lfKlw=
-18,-40,ffD2WVGPfMTKS6dRXQZ/qafI6h0=,KeWqUkWCnrbvaEDad31f+9lfKlw=
-20,-34,ffD2WVGPfMTKS6dRXQZ/qafI6h0=,KeWqUkWCnrbvaEDad31f+9lfKlw=
-18,-36,ffD2WVGPfMTKS6dRXQZ/qafI6h0=,KeWqUkWCnrbvaEDad31f+9lfKlw=
-19,-40,ffD2WVGPfMTKS6dRXQZ/qafI6h0=,KeWqUkWCnrbvaEDad31f+9lfKlw=
-19,-39,ffD2WVGPfMTKS6dRXQZ/qafI6h0=,KeWqUkWCnrbvaEDad31f+9lfKlw=
-17,-37,ffD2WVGPfMTKS6dRXQZ/qafI6h0=,KeWqUkWCnrbvaEDad31f+9lfKlw=
-20,-38,ffD2WVGPfMTKS6dRXQZ/qafI6h0=,KeWqUkWCnrbvaEDad31f+9lfKlw=
-18,-37,ffD2WVGPfMTKS6dRXQZ/qafI6h0=,KeWqUkWCnrbvaEDad31f+9lfKlw=
-21,-34,ffD2WVGPfMTKS6dRXQZ/qafI6h0=,KeWqUkWCnrbvaEDad31f+9lfKlw=
-22,-34,ffD2WVGPfMTKS6dRXQZ/qafI6h0=,KeWqUkWCnrbvaEDad31f+9lfKlw=
-23,-34,ffD2WVGPfMTKS6dRXQZ/qafI6h0=,KeWqUkWCnrbvaEDad31f+9lfKlw=
-23,-37,ffD2WVGPfMTKS6dRXQZ/qafI6h0=,KeWqUkWCnrbvaEDad31f+9lfKlw=
-24,-37,ffD2WVGPfMTKS6dRXQZ/qafI6h0=,KeWqUkWCnrbvaEDad31f+9lfKlw=
-24,-34,ffD2WVGPfMTKS6dRXQZ/qafI6h0=,KeWqUkWCnrbvaEDad31f+9lfKlw=
-19,-37,ffD2WVGPfMTKS6dRXQZ/qafI6h0=,KeWqUkWCnrbvaEDad31f+9lfKlw=
-21,-37,ffD2WVGPfMTKS6dRXQZ/qafI6h0=,KeWqUkWCnrbvaEDad31f+9lfKlw=
-22,-37,ffD2WVGPfMTKS6dRXQZ/qafI6h0=,KeWqUkWCnrbvaEDad31f+9lfKlw=
-19,-38,ffD2WVGPfMTKS6dRXQZ/qafI6h0=,KeWqUkWCnrbvaEDad31f+9lfKlw=
-17,-35,ffD2WVGPfMTKS6dRXQZ/qafI6h0=,KeWqUkWCnrbvaEDad31f+9lfKlw=
-20,-36,ffD2WVGPfMTKS6dRXQZ/qafI6h0=,KeWqUkWCnrbvaEDad31f+9lfKlw=
-20,-40,ffD2WVGPfMTKS6dRXQZ/qafI6h0=,KeWqUkWCnrbvaEDad31f+9lfKlw=
-22,-48,ffD2WVGPfMTKS6dRXQZ/qafI6h0=,P9m3OXQYgM+yxrjS2TGxGpSzodA=
-19,-35,ffD2WVGPfMTKS6dRXQZ/qafI6h0=,KeWqUkWCnrbvaEDad31f+9lfKlw=
-18,-35,ffD2WVGPfMTKS6dRXQZ/qafI6h0=,KeWqUkWCnrbvaEDad31f+9lfKlw=
-20,-37,ffD2WVGPfMTKS6dRXQZ/qafI6h0=,KeWqUkWCnrbvaEDad31f+9lfKlw=
-18,-38,ffD2WVGPfMTKS6dRXQZ/qafI6h0=,KeWqUkWCnrbvaEDad31f+9lfKlw=
-17,-38,ffD2WVGPfMTKS6dRXQZ/qafI6h0=,KeWqUkWCnrbvaEDad31f+9lfKlw=
