30,-3,XK4BAeGhVEus2B4hu/haeeF1CQQ=,VOXogdqgi0cxlaolExfQe7FSnPs=
26,-4,XK4BAeGhVEus2B4hu/haeeF1CQQ=,VOXogdqgi0cxlaolExfQe7FSnPs=
25,-2,XK4BAeGhVEus2B4hu/haeeF1CQQ=,VOXogdqgi0cxlaolExfQe7FSnPs=
27,-4,XK4BAeGhVEus2B4hu/haeeF1CQQ=,VOXogdqgi0cxlaolExfQe7FSnPs=
28,-7,XK4BAeGhVEus2B4hu/haeeF1CQQ=,VOXogdqgi0cxlaolExfQe7FSnPs=
20,-11,XK4BAeGhVEus2B4hu/haeeF1CQQ=,Bi5gFjZPKMcHcZgQzc9RRrcUayk=
21,-11,XK4BAeGhVEus2B4hu/haeeF1CQQ=,Bi5gFjZPKMcHcZgQzc9RRrcUayk=
22,-11,XK4BAeGhVEus2B4hu/haeeF1CQQ=,Bi5gFjZPKMcHcZgQzc9RRrcUayk=
17,-10,XK4BAeGhVEus2B4hu/haeeF1CQQ=,Bi5gFjZPKMcHcZgQzc9RRrcUayk=
18,-10,XK4BAeGhVEus2B4hu/haeeF1CQQ=,Bi5gFjZPKMcHcZgQzc9RRrcUayk=
19,-10,XK4BAeGhVEus2B4hu/haeeF1CQQ=,Bi5gFjZPKMcHcZgQzc9RRrcUayk=
20,-10,XK4BAeGhVEus2B4hu/haeeF1CQQ=,Bi5gFjZPKMcHcZgQzc9RRrcUayk=
21,-10,XK4BAeGhVEus2B4hu/haeeF1CQQ=,Bi5gFjZPKMcHcZgQzc9RRrcUayk=
28,-6,XK4BAeGhVEus2B4hu/haeeF1CQQ=,VOXogdqgi0cxlaolExfQe7FSnPs=
28,-4,XK4BAeGhVEus2B4hu/haeeF1CQQ=,VOXogdqgi0cxlaolExfQe7FSnPs=
22,-10,XK4BAeGhVEus2B4hu/haeeF1CQQ=,Bi5gFjZPKMcHcZgQzc9RRrcUayk=
17,-15,XK4BAeGhVEus2B4hu/haeeF1CQQ=,Bi5gFjZPKMcHcZgQzc9RRrcUayk=
18,-15,XK4BAeGhVEus2B4hu/haeeF1CQQ=,Bi5gFjZPKMcHcZgQzc9RRrcUayk=
19,-15,XK4BAeGhVEus2B4hu/haeeF1CQQ=,Bi5gFjZPKMcHcZgQzc9RRrcUayk=
20,-15,XK4BAeGhVEus2B4hu/haeeF1CQQ=,Bi5gFjZPKMcHcZgQzc9RRrcUayk=
21,-15,XK4BAeGhVEus2B4hu/haeeF1CQQ=,Bi5gFjZPKMcHcZgQzc9RRrcUayk=
22,-15,XK4BAeGhVEus2B4hu/haeeF1CQQ=,Bi5gFjZPKMcHcZgQzc9RRrcUayk=
17,-14,XK4BAeGhVEus2B4hu/haeeF1CQQ=,Bi5gFjZPKMcHcZgQzc9RRrcUayk=
18,-14,XK4BAeGhVEus2B4hu/haeeF1CQQ=,Bi5gFjZPKMcHcZgQzc9RRrcUayk=
19,-14,XK4BAeGhVEus2B4hu/haeeF1CQQ=,Bi5gFjZPKMcHcZgQzc9RRrcUayk=
20,-14,XK4BAeGhVEus2B4hu/haeeF1CQQ=,Bi5gFjZPKMcHcZgQzc9RRrcUayk=
21,-14,XK4BAeGhVEus2B4hu/haeeF1CQQ=,Bi5gFjZPKMcHcZgQzc9RRrcUayk=
22,-14,XK4BAeGhVEus2B4hu/haeeF1CQQ=,Bi5gFjZPKMcHcZgQzc9RRrcUayk=
17,-13,XK4BAeGhVEus2B4hu/haeeF1CQQ=,Bi5gFjZPKMcHcZgQzc9RRrcUayk=
18,-13,XK4BAeGhVEus2B4hu/haeeF1CQQ=,Bi5gFjZPKMcHcZgQzc9RRrcUayk=
19,-13,XK4BAeGhVEus2B4hu/haeeF1CQQ=,Bi5gFjZPKMcHcZgQzc9RRrcUayk=
20,-13,XK4BAeGhVEus2B4hu/haeeF1CQQ=,Bi5gFjZPKMcHcZgQzc9RRrcUayk=
21,-13,XK4BAeGhVEus2B4hu/haeeF1CQQ=,Bi5gFjZPKMcHcZgQzc9RRrcUayk=
22,-13,XK4BAeGhVEus2B4hu/haeeF1CQQ=,Bi5gFjZPKMcHcZgQzc9RRrcUayk=
17,-12,XK4BAeGhVEus2B4hu/haeeF1CQQ=,Bi5gFjZPKMcHcZgQzc9RRrcUayk=
18,-12,XK4BAeGhVEus2B4hu/haeeF1CQQ=,Bi5gFjZPKMcHcZgQzc9RRrcUayk=
19,-12,XK4BAeGhVEus2B4hu/haeeF1CQQ=,Bi5gFjZPKMcHcZgQzc9RRrcUayk=
20,-12,XK4BAeGhVEus2B4hu/haeeF1CQQ=,Bi5gFjZPKMcHcZgQzc9RRrcUayk=
21,-12,XK4BAeGhVEus2B4hu/haeeF1CQQ=,Bi5gFjZPKMcHcZgQzc9RRrcUayk=
22,-12,XK4BAeGhVEus2B4hu/haeeF1CQQ=,Bi5gFjZPKMcHcZgQzc9RRrcUayk=
17,-11,XK4BAeGhVEus2B4hu/haeeF1CQQ=,Bi5gFjZPKMcHcZgQzc9RRrcUayk=
18,-11,XK4BAeGhVEus2B4hu/haeeF1CQQ=,Bi5gFjZPKMcHcZgQzc9RRrcUayk=
19,-11,XK4BAeGhVEus2B4hu/haeeF1CQQ=,Bi5gFjZPKMcHcZgQzc9RRrcUayk=
28,-5,XK4BAeGhVEus2B4hu/haeeF1CQQ=,VOXogdqgi0cxlaolExfQe7FSnPs=
29,-5,XK4BAeGhVEus2B4hu/haeeF1CQQ=,VOXogdqgi0cxlaolExfQe7FSnPs=
30,-5,XK4BAeGhVEus2B4hu/haeeF1CQQ=,VOXogdqgi0cxlaolExfQe7FSnPs=
25,-7,AiRVNYXHDCo6Bq3TfoB9AWdsgW4=,VOXogdqgi0cxlaolExfQe7FSnPs=
26,-7,AiRVNYXHDCo6Bq3TfoB9AWdsgW4=,VOXogdqgi0cxlaolExfQe7FSnPs=
25,-4,AiRVNYXHDCo6Bq3TfoB9AWdsgW4=,VOXogdqgi0cxlaolExfQe7FSnPs=
27,-7,AiRVNYXHDCo6Bq3TfoB9AWdsgW4=,VOXogdqgi0cxlaolExfQe7FSnPs=
25,-3,AiRVNYXHDCo6Bq3TfoB9AWdsgW4=,VOXogdqgi0cxlaolExfQe7FSnPs=
29,-7,AiRVNYXHDCo6Bq3TfoB9AWdsgW4=,VOXogdqgi0cxlaolExfQe7FSnPs=
30,-7,AiRVNYXHDCo6Bq3TfoB9AWdsgW4=,VOXogdqgi0cxlaolExfQe7FSnPs=
29,-6,AiRVNYXHDCo6Bq3TfoB9AWdsgW4=,VOXogdqgi0cxlaolExfQe7FSnPs=
29,-2,AiRVNYXHDCo6Bq3TfoB9AWdsgW4=,VOXogdqgi0cxlaolExfQe7FSnPs=
28,-2,AiRVNYXHDCo6Bq3TfoB9AWdsgW4=,VOXogdqgi0cxlaolExfQe7FSnPs=
29,-3,AiRVNYXHDCo6Bq3TfoB9AWdsgW4=,VOXogdqgi0cxlaolExfQe7FSnPs=
27,-2,AiRVNYXHDCo6Bq3TfoB9AWdsgW4=,VOXogdqgi0cxlaolExfQe7FSnPs=
26,-2,AiRVNYXHDCo6Bq3TfoB9AWdsgW4=,VOXogdqgi0cxlaolExfQe7FSnPs=
27,-5,AiRVNYXHDCo6Bq3TfoB9AWdsgW4=,VOXogdqgi0cxlaolExfQe7FSnPs=
27,-6,AiRVNYXHDCo6Bq3TfoB9AWdsgW4=,VOXogdqgi0cxlaolExfQe7FSnPs=
30,-4,AiRVNYXHDCo6Bq3TfoB9AWdsgW4=,VOXogdqgi0cxlaolExfQe7FSnPs=
28,-3,AiRVNYXHDCo6Bq3TfoB9AWdsgW4=,VOXogdqgi0cxlaolExfQe7FSnPs=
30,-2,AiRVNYXHDCo6Bq3TfoB9AWdsgW4=,VOXogdqgi0cxlaolExfQe7FSnPs=
26,-5,AiRVNYXHDCo6Bq3TfoB9AWdsgW4=,VOXogdqgi0cxlaolExfQe7FSnPs=
26,-6,AiRVNYXHDCo6Bq3TfoB9AWdsgW4=,VOXogdqgi0cxlaolExfQe7FSnPs=
28,-1,AiRVNYXHDCo6Bq3TfoB9AWdsgW4=,VOXogdqgi0cxlaolExfQe7FSnPs=
29,-1,AiRVNYXHDCo6Bq3TfoB9AWdsgW4=,VOXogdqgi0cxlaolExfQe7FSnPs=
30,-1,AiRVNYXHDCo6Bq3TfoB9AWdsgW4=,VOXogdqgi0cxlaolExfQe7FSnPs=
25,-5,AiRVNYXHDCo6Bq3TfoB9AWdsgW4=,VOXogdqgi0cxlaolExfQe7FSnPs=
29,-4,AiRVNYXHDCo6Bq3TfoB9AWdsgW4=,VOXogdqgi0cxlaolExfQe7FSnPs=
25,-1,AiRVNYXHDCo6Bq3TfoB9AWdsgW4=,VOXogdqgi0cxlaolExfQe7FSnPs=
25,-6,AiRVNYXHDCo6Bq3TfoB9AWdsgW4=,VOXogdqgi0cxlaolExfQe7FSnPs=
27,-1,AiRVNYXHDCo6Bq3TfoB9AWdsgW4=,VOXogdqgi0cxlaolExfQe7FSnPs=
27,-3,AiRVNYXHDCo6Bq3TfoB9AWdsgW4=,VOXogdqgi0cxlaolExfQe7FSnPs=
31,-3,AiRVNYXHDCo6Bq3TfoB9AWdsgW4=,VOXogdqgi0cxlaolExfQe7FSnPs=
31,-5,AiRVNYXHDCo6Bq3TfoB9AWdsgW4=,VOXogdqgi0cxlaolExfQe7FSnPs=
31,-7,AiRVNYXHDCo6Bq3TfoB9AWdsgW4=,VOXogdqgi0cxlaolExfQe7FSnPs=
31,-6,AiRVNYXHDCo6Bq3TfoB9AWdsgW4=,VOXogdqgi0cxlaolExfQe7FSnPs=
31,-2,AiRVNYXHDCo6Bq3TfoB9AWdsgW4=,VOXogdqgi0cxlaolExfQe7FSnPs=
31,-4,AiRVNYXHDCo6Bq3TfoB9AWdsgW4=,VOXogdqgi0cxlaolExfQe7FSnPs=
16,-10,AiRVNYXHDCo6Bq3TfoB9AWdsgW4=,Bi5gFjZPKMcHcZgQzc9RRrcUayk=
16,-15,AiRVNYXHDCo6Bq3TfoB9AWdsgW4=,Bi5gFjZPKMcHcZgQzc9RRrcUayk=
16,-14,AiRVNYXHDCo6Bq3TfoB9AWdsgW4=,Bi5gFjZPKMcHcZgQzc9RRrcUayk=
16,-13,AiRVNYXHDCo6Bq3TfoB9AWdsgW4=,Bi5gFjZPKMcHcZgQzc9RRrcUayk=
16,-12,AiRVNYXHDCo6Bq3TfoB9AWdsgW4=,Bi5gFjZPKMcHcZgQzc9RRrcUayk=
16,-11,AiRVNYXHDCo6Bq3TfoB9AWdsgW4=,Bi5gFjZPKMcHcZgQzc9RRrcUayk=
17,-16,AiRVNYXHDCo6Bq3TfoB9AWdsgW4=,Bi5gFjZPKMcHcZgQzc9RRrcUayk=
18,-16,AiRVNYXHDCo6Bq3TfoB9AWdsgW4=,Bi5gFjZPKMcHcZgQzc9RRrcUayk=
19,-16,AiRVNYXHDCo6Bq3TfoB9AWdsgW4=,Bi5gFjZPKMcHcZgQzc9RRrcUayk=
20,-16,AiRVNYXHDCo6Bq3TfoB9AWdsgW4=,Bi5gFjZPKMcHcZgQzc9RRrcUayk=
21,-16,AiRVNYXHDCo6Bq3TfoB9AWdsgW4=,Bi5gFjZPKMcHcZgQzc9RRrcUayk=
22,-16,AiRVNYXHDCo6Bq3TfoB9AWdsgW4=,Bi5gFjZPKMcHcZgQzc9RRrcUayk=
16,-16,AiRVNYXHDCo6Bq3TfoB9AWdsgW4=,Bi5gFjZPKMcHcZgQzc9RRrcUayk=
31,-1,AiRVNYXHDCo6Bq3TfoB9AWdsgW4=,VOXogdqgi0cxlaolExfQe7FSnPs=
26,-3,AiRVNYXHDCo6Bq3TfoB9AWdsgW4=,VOXogdqgi0cxlaolExfQe7FSnPs=
30,-6,AiRVNYXHDCo6Bq3TfoB9AWdsgW4=,VOXogdqgi0cxlaolExfQe7FSnPs=
26,-1,AiRVNYXHDCo6Bq3TfoB9AWdsgW4=,VOXogdqgi0cxlaolExfQe7FSnPs=
28,-9,AiRVNYXHDCo6Bq3TfoB9AWdsgW4=,iO83GsC3cVfTY7DCcqpFlVW5fb0=
27,-9,AiRVNYXHDCo6Bq3TfoB9AWdsgW4=,iO83GsC3cVfTY7DCcqpFlVW5fb0=
26,-9,AiRVNYXHDCo6Bq3TfoB9AWdsgW4=,iO83GsC3cVfTY7DCcqpFlVW5fb0=
25,-9,AiRVNYXHDCo6Bq3TfoB9AWdsgW4=,iO83GsC3cVfTY7DCcqpFlVW5fb0=
23,-12,AiRVNYXHDCo6Bq3TfoB9AWdsgW4=,Bi5gFjZPKMcHcZgQzc9RRrcUayk=
31,-10,AiRVNYXHDCo6Bq3TfoB9AWdsgW4=,iO83GsC3cVfTY7DCcqpFlVW5fb0=
23,-11,AiRVNYXHDCo6Bq3TfoB9AWdsgW4=,Bi5gFjZPKMcHcZgQzc9RRrcUayk=
28,-8,AiRVNYXHDCo6Bq3TfoB9AWdsgW4=,VOXogdqgi0cxlaolExfQe7FSnPs=
29,-9,AiRVNYXHDCo6Bq3TfoB9AWdsgW4=,iO83GsC3cVfTY7DCcqpFlVW5fb0=
30,-9,AiRVNYXHDCo6Bq3TfoB9AWdsgW4=,iO83GsC3cVfTY7DCcqpFlVW5fb0=
29,-10,AiRVNYXHDCo6Bq3TfoB9AWdsgW4=,iO83GsC3cVfTY7DCcqpFlVW5fb0=
23,-10,AiRVNYXHDCo6Bq3TfoB9AWdsgW4=,Bi5gFjZPKMcHcZgQzc9RRrcUayk=
27,-8,AiRVNYXHDCo6Bq3TfoB9AWdsgW4=,VOXogdqgi0cxlaolExfQe7FSnPs=
29,-8,AiRVNYXHDCo6Bq3TfoB9AWdsgW4=,VOXogdqgi0cxlaolExfQe7FSnPs=
30,-8,AiRVNYXHDCo6Bq3TfoB9AWdsgW4=,VOXogdqgi0cxlaolExfQe7FSnPs=
24,-16,AiRVNYXHDCo6Bq3TfoB9AWdsgW4=,iO83GsC3cVfTY7DCcqpFlVW5fb0=
31,-9,AiRVNYXHDCo6Bq3TfoB9AWdsgW4=,iO83GsC3cVfTY7DCcqpFlVW5fb0=
31,-8,AiRVNYXHDCo6Bq3TfoB9AWdsgW4=,VOXogdqgi0cxlaolExfQe7FSnPs=
25,-16,AiRVNYXHDCo6Bq3TfoB9AWdsgW4=,iO83GsC3cVfTY7DCcqpFlVW5fb0=
25,-8,AiRVNYXHDCo6Bq3TfoB9AWdsgW4=,VOXogdqgi0cxlaolExfQe7FSnPs=
23,-16,AiRVNYXHDCo6Bq3TfoB9AWdsgW4=,Bi5gFjZPKMcHcZgQzc9RRrcUayk=
26,-16,AiRVNYXHDCo6Bq3TfoB9AWdsgW4=,iO83GsC3cVfTY7DCcqpFlVW5fb0=
27,-16,AiRVNYXHDCo6Bq3TfoB9AWdsgW4=,iO83GsC3cVfTY7DCcqpFlVW5fb0=
28,-16,AiRVNYXHDCo6Bq3TfoB9AWdsgW4=,iO83GsC3cVfTY7DCcqpFlVW5fb0=
29,-16,AiRVNYXHDCo6Bq3TfoB9AWdsgW4=,iO83GsC3cVfTY7DCcqpFlVW5fb0=
28,-10,AiRVNYXHDCo6Bq3TfoB9AWdsgW4=,iO83GsC3cVfTY7DCcqpFlVW5fb0=
30,-10,AiRVNYXHDCo6Bq3TfoB9AWdsgW4=,iO83GsC3cVfTY7DCcqpFlVW5fb0=
30,-16,AiRVNYXHDCo6Bq3TfoB9AWdsgW4=,iO83GsC3cVfTY7DCcqpFlVW5fb0=
31,-16,AiRVNYXHDCo6Bq3TfoB9AWdsgW4=,iO83GsC3cVfTY7DCcqpFlVW5fb0=
26,-10,AiRVNYXHDCo6Bq3TfoB9AWdsgW4=,iO83GsC3cVfTY7DCcqpFlVW5fb0=
27,-10,AiRVNYXHDCo6Bq3TfoB9AWdsgW4=,iO83GsC3cVfTY7DCcqpFlVW5fb0=
24,-15,AiRVNYXHDCo6Bq3TfoB9AWdsgW4=,iO83GsC3cVfTY7DCcqpFlVW5fb0=
25,-15,AiRVNYXHDCo6Bq3TfoB9AWdsgW4=,iO83GsC3cVfTY7DCcqpFlVW5fb0=
26,-15,AiRVNYXHDCo6Bq3TfoB9AWdsgW4=,iO83GsC3cVfTY7DCcqpFlVW5fb0=
27,-15,AiRVNYXHDCo6Bq3TfoB9AWdsgW4=,iO83GsC3cVfTY7DCcqpFlVW5fb0=
28,-15,AiRVNYXHDCo6Bq3TfoB9AWdsgW4=,iO83GsC3cVfTY7DCcqpFlVW5fb0=
25,-10,AiRVNYXHDCo6Bq3TfoB9AWdsgW4=,iO83GsC3cVfTY7DCcqpFlVW5fb0=
29,-15,AiRVNYXHDCo6Bq3TfoB9AWdsgW4=,iO83GsC3cVfTY7DCcqpFlVW5fb0=
24,-10,AiRVNYXHDCo6Bq3TfoB9AWdsgW4=,iO83GsC3cVfTY7DCcqpFlVW5fb0=
30,-15,AiRVNYXHDCo6Bq3TfoB9AWdsgW4=,iO83GsC3cVfTY7DCcqpFlVW5fb0=
31,-11,AiRVNYXHDCo6Bq3TfoB9AWdsgW4=,iO83GsC3cVfTY7DCcqpFlVW5fb0=
31,-15,AiRVNYXHDCo6Bq3TfoB9AWdsgW4=,iO83GsC3cVfTY7DCcqpFlVW5fb0=
30,-11,AiRVNYXHDCo6Bq3TfoB9AWdsgW4=,iO83GsC3cVfTY7DCcqpFlVW5fb0=
26,-8,AiRVNYXHDCo6Bq3TfoB9AWdsgW4=,VOXogdqgi0cxlaolExfQe7FSnPs=
29,-11,AiRVNYXHDCo6Bq3TfoB9AWdsgW4=,iO83GsC3cVfTY7DCcqpFlVW5fb0=
24,-14,AiRVNYXHDCo6Bq3TfoB9AWdsgW4=,iO83GsC3cVfTY7DCcqpFlVW5fb0=
23,-13,AiRVNYXHDCo6Bq3TfoB9AWdsgW4=,Bi5gFjZPKMcHcZgQzc9RRrcUayk=
25,-14,AiRVNYXHDCo6Bq3TfoB9AWdsgW4=,iO83GsC3cVfTY7DCcqpFlVW5fb0=
26,-14,AiRVNYXHDCo6Bq3TfoB9AWdsgW4=,iO83GsC3cVfTY7DCcqpFlVW5fb0=
27,-14,AiRVNYXHDCo6Bq3TfoB9AWdsgW4=,iO83GsC3cVfTY7DCcqpFlVW5fb0=
28,-14,AiRVNYXHDCo6Bq3TfoB9AWdsgW4=,iO83GsC3cVfTY7DCcqpFlVW5fb0=
28,-11,AiRVNYXHDCo6Bq3TfoB9AWdsgW4=,iO83GsC3cVfTY7DCcqpFlVW5fb0=
25,-11,AiRVNYXHDCo6Bq3TfoB9AWdsgW4=,iO83GsC3cVfTY7DCcqpFlVW5fb0=
26,-11,AiRVNYXHDCo6Bq3TfoB9AWdsgW4=,iO83GsC3cVfTY7DCcqpFlVW5fb0=
29,-14,AiRVNYXHDCo6Bq3TfoB9AWdsgW4=,iO83GsC3cVfTY7DCcqpFlVW5fb0=
27,-11,AiRVNYXHDCo6Bq3TfoB9AWdsgW4=,iO83GsC3cVfTY7DCcqpFlVW5fb0=
31,-12,AiRVNYXHDCo6Bq3TfoB9AWdsgW4=,iO83GsC3cVfTY7DCcqpFlVW5fb0=
30,-12,AiRVNYXHDCo6Bq3TfoB9AWdsgW4=,iO83GsC3cVfTY7DCcqpFlVW5fb0=
23,-14,AiRVNYXHDCo6Bq3TfoB9AWdsgW4=,Bi5gFjZPKMcHcZgQzc9RRrcUayk=
30,-14,AiRVNYXHDCo6Bq3TfoB9AWdsgW4=,iO83GsC3cVfTY7DCcqpFlVW5fb0=
28,-12,AiRVNYXHDCo6Bq3TfoB9AWdsgW4=,iO83GsC3cVfTY7DCcqpFlVW5fb0=
26,-12,AiRVNYXHDCo6Bq3TfoB9AWdsgW4=,iO83GsC3cVfTY7DCcqpFlVW5fb0=
29,-12,AiRVNYXHDCo6Bq3TfoB9AWdsgW4=,iO83GsC3cVfTY7DCcqpFlVW5fb0=
27,-12,AiRVNYXHDCo6Bq3TfoB9AWdsgW4=,iO83GsC3cVfTY7DCcqpFlVW5fb0=
25,-12,AiRVNYXHDCo6Bq3TfoB9AWdsgW4=,iO83GsC3cVfTY7DCcqpFlVW5fb0=
23,-15,AiRVNYXHDCo6Bq3TfoB9AWdsgW4=,Bi5gFjZPKMcHcZgQzc9RRrcUayk=
24,-12,AiRVNYXHDCo6Bq3TfoB9AWdsgW4=,iO83GsC3cVfTY7DCcqpFlVW5fb0=
31,-13,AiRVNYXHDCo6Bq3TfoB9AWdsgW4=,iO83GsC3cVfTY7DCcqpFlVW5fb0=
28,-13,AiRVNYXHDCo6Bq3TfoB9AWdsgW4=,iO83GsC3cVfTY7DCcqpFlVW5fb0=
29,-13,AiRVNYXHDCo6Bq3TfoB9AWdsgW4=,iO83GsC3cVfTY7DCcqpFlVW5fb0=
26,-13,AiRVNYXHDCo6Bq3TfoB9AWdsgW4=,iO83GsC3cVfTY7DCcqpFlVW5fb0=
27,-13,AiRVNYXHDCo6Bq3TfoB9AWdsgW4=,iO83GsC3cVfTY7DCcqpFlVW5fb0=
31,-14,AiRVNYXHDCo6Bq3TfoB9AWdsgW4=,iO83GsC3cVfTY7DCcqpFlVW5fb0=
24,-13,AiRVNYXHDCo6Bq3TfoB9AWdsgW4=,iO83GsC3cVfTY7DCcqpFlVW5fb0=
25,-13,AiRVNYXHDCo6Bq3TfoB9AWdsgW4=,iO83GsC3cVfTY7DCcqpFlVW5fb0=
30,-13,AiRVNYXHDCo6Bq3TfoB9AWdsgW4=,iO83GsC3cVfTY7DCcqpFlVW5fb0=
24,-11,AiRVNYXHDCo6Bq3TfoB9AWdsgW4=,iO83GsC3cVfTY7DCcqpFlVW5fb0=
23,-1,AiRVNYXHDCo6Bq3TfoB9AWdsgW4=,vKiQLPvEH1/CTGtAkodHo09KkGE=
19,-5,AiRVNYXHDCo6Bq3TfoB9AWdsgW4=,vKiQLPvEH1/CTGtAkodHo09KkGE=
20,-5,AiRVNYXHDCo6Bq3TfoB9AWdsgW4=,vKiQLPvEH1/CTGtAkodHo09KkGE=
21,-5,AiRVNYXHDCo6Bq3TfoB9AWdsgW4=,vKiQLPvEH1/CTGtAkodHo09KkGE=
18,-5,AiRVNYXHDCo6Bq3TfoB9AWdsgW4=,vKiQLPvEH1/CTGtAkodHo09KkGE=
17,-5,AiRVNYXHDCo6Bq3TfoB9AWdsgW4=,vKiQLPvEH1/CTGtAkodHo09KkGE=
21,-1,AiRVNYXHDCo6Bq3TfoB9AWdsgW4=,vKiQLPvEH1/CTGtAkodHo09KkGE=
22,-1,AiRVNYXHDCo6Bq3TfoB9AWdsgW4=,vKiQLPvEH1/CTGtAkodHo09KkGE=
24,-2,AiRVNYXHDCo6Bq3TfoB9AWdsgW4=,VOXogdqgi0cxlaolExfQe7FSnPs=
16,-5,AiRVNYXHDCo6Bq3TfoB9AWdsgW4=,vKiQLPvEH1/CTGtAkodHo09KkGE=
23,-6,AiRVNYXHDCo6Bq3TfoB9AWdsgW4=,vKiQLPvEH1/CTGtAkodHo09KkGE=
24,-1,AiRVNYXHDCo6Bq3TfoB9AWdsgW4=,VOXogdqgi0cxlaolExfQe7FSnPs=
22,-6,AiRVNYXHDCo6Bq3TfoB9AWdsgW4=,vKiQLPvEH1/CTGtAkodHo09KkGE=
22,-5,AiRVNYXHDCo6Bq3TfoB9AWdsgW4=,vKiQLPvEH1/CTGtAkodHo09KkGE=
20,-1,AiRVNYXHDCo6Bq3TfoB9AWdsgW4=,vKiQLPvEH1/CTGtAkodHo09KkGE=
19,-1,AiRVNYXHDCo6Bq3TfoB9AWdsgW4=,vKiQLPvEH1/CTGtAkodHo09KkGE=
19,-6,AiRVNYXHDCo6Bq3TfoB9AWdsgW4=,vKiQLPvEH1/CTGtAkodHo09KkGE=
18,-6,AiRVNYXHDCo6Bq3TfoB9AWdsgW4=,vKiQLPvEH1/CTGtAkodHo09KkGE=
17,-6,AiRVNYXHDCo6Bq3TfoB9AWdsgW4=,vKiQLPvEH1/CTGtAkodHo09KkGE=
18,-1,AiRVNYXHDCo6Bq3TfoB9AWdsgW4=,vKiQLPvEH1/CTGtAkodHo09KkGE=
16,-6,AiRVNYXHDCo6Bq3TfoB9AWdsgW4=,vKiQLPvEH1/CTGtAkodHo09KkGE=
17,-1,AiRVNYXHDCo6Bq3TfoB9AWdsgW4=,vKiQLPvEH1/CTGtAkodHo09KkGE=
16,-1,AiRVNYXHDCo6Bq3TfoB9AWdsgW4=,vKiQLPvEH1/CTGtAkodHo09KkGE=
23,-2,AiRVNYXHDCo6Bq3TfoB9AWdsgW4=,vKiQLPvEH1/CTGtAkodHo09KkGE=
24,-8,AiRVNYXHDCo6Bq3TfoB9AWdsgW4=,VOXogdqgi0cxlaolExfQe7FSnPs=
16,-9,AiRVNYXHDCo6Bq3TfoB9AWdsgW4=,Bi5gFjZPKMcHcZgQzc9RRrcUayk=
17,-9,AiRVNYXHDCo6Bq3TfoB9AWdsgW4=,Bi5gFjZPKMcHcZgQzc9RRrcUayk=
21,-6,AiRVNYXHDCo6Bq3TfoB9AWdsgW4=,vKiQLPvEH1/CTGtAkodHo09KkGE=
21,-7,AiRVNYXHDCo6Bq3TfoB9AWdsgW4=,vKiQLPvEH1/CTGtAkodHo09KkGE=
22,-7,AiRVNYXHDCo6Bq3TfoB9AWdsgW4=,vKiQLPvEH1/CTGtAkodHo09KkGE=
23,-7,AiRVNYXHDCo6Bq3TfoB9AWdsgW4=,vKiQLPvEH1/CTGtAkodHo09KkGE=
21,-2,AiRVNYXHDCo6Bq3TfoB9AWdsgW4=,vKiQLPvEH1/CTGtAkodHo09KkGE=
22,-2,AiRVNYXHDCo6Bq3TfoB9AWdsgW4=,vKiQLPvEH1/CTGtAkodHo09KkGE=
23,-5,AiRVNYXHDCo6Bq3TfoB9AWdsgW4=,vKiQLPvEH1/CTGtAkodHo09KkGE=
18,-9,AiRVNYXHDCo6Bq3TfoB9AWdsgW4=,Bi5gFjZPKMcHcZgQzc9RRrcUayk=
20,-2,AiRVNYXHDCo6Bq3TfoB9AWdsgW4=,vKiQLPvEH1/CTGtAkodHo09KkGE=
19,-2,AiRVNYXHDCo6Bq3TfoB9AWdsgW4=,vKiQLPvEH1/CTGtAkodHo09KkGE=
16,-4,AiRVNYXHDCo6Bq3TfoB9AWdsgW4=,vKiQLPvEH1/CTGtAkodHo09KkGE=
17,-2,AiRVNYXHDCo6Bq3TfoB9AWdsgW4=,vKiQLPvEH1/CTGtAkodHo09KkGE=
19,-9,AiRVNYXHDCo6Bq3TfoB9AWdsgW4=,Bi5gFjZPKMcHcZgQzc9RRrcUayk=
18,-2,AiRVNYXHDCo6Bq3TfoB9AWdsgW4=,vKiQLPvEH1/CTGtAkodHo09KkGE=
17,-4,AiRVNYXHDCo6Bq3TfoB9AWdsgW4=,vKiQLPvEH1/CTGtAkodHo09KkGE=
20,-7,AiRVNYXHDCo6Bq3TfoB9AWdsgW4=,vKiQLPvEH1/CTGtAkodHo09KkGE=
19,-7,AiRVNYXHDCo6Bq3TfoB9AWdsgW4=,vKiQLPvEH1/CTGtAkodHo09KkGE=
18,-7,AiRVNYXHDCo6Bq3TfoB9AWdsgW4=,vKiQLPvEH1/CTGtAkodHo09KkGE=
20,-6,AiRVNYXHDCo6Bq3TfoB9AWdsgW4=,vKiQLPvEH1/CTGtAkodHo09KkGE=
24,-3,AiRVNYXHDCo6Bq3TfoB9AWdsgW4=,VOXogdqgi0cxlaolExfQe7FSnPs=
22,-3,AiRVNYXHDCo6Bq3TfoB9AWdsgW4=,vKiQLPvEH1/CTGtAkodHo09KkGE=
21,-3,AiRVNYXHDCo6Bq3TfoB9AWdsgW4=,vKiQLPvEH1/CTGtAkodHo09KkGE=
20,-9,AiRVNYXHDCo6Bq3TfoB9AWdsgW4=,Bi5gFjZPKMcHcZgQzc9RRrcUayk=
24,-5,AiRVNYXHDCo6Bq3TfoB9AWdsgW4=,VOXogdqgi0cxlaolExfQe7FSnPs=
20,-3,AiRVNYXHDCo6Bq3TfoB9AWdsgW4=,vKiQLPvEH1/CTGtAkodHo09KkGE=
17,-7,AiRVNYXHDCo6Bq3TfoB9AWdsgW4=,vKiQLPvEH1/CTGtAkodHo09KkGE=
16,-7,AiRVNYXHDCo6Bq3TfoB9AWdsgW4=,vKiQLPvEH1/CTGtAkodHo09KkGE=
23,-3,AiRVNYXHDCo6Bq3TfoB9AWdsgW4=,vKiQLPvEH1/CTGtAkodHo09KkGE=
24,-7,AiRVNYXHDCo6Bq3TfoB9AWdsgW4=,VOXogdqgi0cxlaolExfQe7FSnPs=
24,-6,AiRVNYXHDCo6Bq3TfoB9AWdsgW4=,VOXogdqgi0cxlaolExfQe7FSnPs=
19,-3,AiRVNYXHDCo6Bq3TfoB9AWdsgW4=,vKiQLPvEH1/CTGtAkodHo09KkGE=
21,-9,AiRVNYXHDCo6Bq3TfoB9AWdsgW4=,Bi5gFjZPKMcHcZgQzc9RRrcUayk=
22,-8,AiRVNYXHDCo6Bq3TfoB9AWdsgW4=,vKiQLPvEH1/CTGtAkodHo09KkGE=
18,-4,AiRVNYXHDCo6Bq3TfoB9AWdsgW4=,vKiQLPvEH1/CTGtAkodHo09KkGE=
20,-8,AiRVNYXHDCo6Bq3TfoB9AWdsgW4=,vKiQLPvEH1/CTGtAkodHo09KkGE=
21,-8,AiRVNYXHDCo6Bq3TfoB9AWdsgW4=,vKiQLPvEH1/CTGtAkodHo09KkGE=
22,-9,AiRVNYXHDCo6Bq3TfoB9AWdsgW4=,Bi5gFjZPKMcHcZgQzc9RRrcUayk=
19,-8,AiRVNYXHDCo6Bq3TfoB9AWdsgW4=,vKiQLPvEH1/CTGtAkodHo09KkGE=
23,-9,AiRVNYXHDCo6Bq3TfoB9AWdsgW4=,Bi5gFjZPKMcHcZgQzc9RRrcUayk=
17,-3,AiRVNYXHDCo6Bq3TfoB9AWdsgW4=,vKiQLPvEH1/CTGtAkodHo09KkGE=
18,-3,AiRVNYXHDCo6Bq3TfoB9AWdsgW4=,vKiQLPvEH1/CTGtAkodHo09KkGE=
23,-8,AiRVNYXHDCo6Bq3TfoB9AWdsgW4=,vKiQLPvEH1/CTGtAkodHo09KkGE=
18,-8,AiRVNYXHDCo6Bq3TfoB9AWdsgW4=,vKiQLPvEH1/CTGtAkodHo09KkGE=
16,-2,AiRVNYXHDCo6Bq3TfoB9AWdsgW4=,vKiQLPvEH1/CTGtAkodHo09KkGE=
17,-8,AiRVNYXHDCo6Bq3TfoB9AWdsgW4=,vKiQLPvEH1/CTGtAkodHo09KkGE=
19,-4,AiRVNYXHDCo6Bq3TfoB9AWdsgW4=,vKiQLPvEH1/CTGtAkodHo09KkGE=
23,-4,AiRVNYXHDCo6Bq3TfoB9AWdsgW4=,vKiQLPvEH1/CTGtAkodHo09KkGE=
16,-8,AiRVNYXHDCo6Bq3TfoB9AWdsgW4=,vKiQLPvEH1/CTGtAkodHo09KkGE=
22,-4,AiRVNYXHDCo6Bq3TfoB9AWdsgW4=,vKiQLPvEH1/CTGtAkodHo09KkGE=
16,-3,AiRVNYXHDCo6Bq3TfoB9AWdsgW4=,vKiQLPvEH1/CTGtAkodHo09KkGE=
21,-4,AiRVNYXHDCo6Bq3TfoB9AWdsgW4=,vKiQLPvEH1/CTGtAkodHo09KkGE=
24,-4,AiRVNYXHDCo6Bq3TfoB9AWdsgW4=,VOXogdqgi0cxlaolExfQe7FSnPs=
20,-4,AiRVNYXHDCo6Bq3TfoB9AWdsgW4=,vKiQLPvEH1/CTGtAkodHo09KkGE=
24,-9,AiRVNYXHDCo6Bq3TfoB9AWdsgW4=,iO83GsC3cVfTY7DCcqpFlVW5fb0=
26,-20,AiRVNYXHDCo6Bq3TfoB9AWdsgW4=,TMtGhuuFdgvTKyuddp8ccecCY9A=
27,-20,AiRVNYXHDCo6Bq3TfoB9AWdsgW4=,TMtGhuuFdgvTKyuddp8ccecCY9A=
28,-22,AiRVNYXHDCo6Bq3TfoB9AWdsgW4=,TMtGhuuFdgvTKyuddp8ccecCY9A=
27,-17,AiRVNYXHDCo6Bq3TfoB9AWdsgW4=,TMtGhuuFdgvTKyuddp8ccecCY9A=
28,-21,AiRVNYXHDCo6Bq3TfoB9AWdsgW4=,TMtGhuuFdgvTKyuddp8ccecCY9A=
27,-22,AiRVNYXHDCo6Bq3TfoB9AWdsgW4=,TMtGhuuFdgvTKyuddp8ccecCY9A=
26,-17,AiRVNYXHDCo6Bq3TfoB9AWdsgW4=,TMtGhuuFdgvTKyuddp8ccecCY9A=
25,-20,AiRVNYXHDCo6Bq3TfoB9AWdsgW4=,TMtGhuuFdgvTKyuddp8ccecCY9A=
24,-20,AiRVNYXHDCo6Bq3TfoB9AWdsgW4=,TMtGhuuFdgvTKyuddp8ccecCY9A=
29,-21,AiRVNYXHDCo6Bq3TfoB9AWdsgW4=,TMtGhuuFdgvTKyuddp8ccecCY9A=
28,-17,AiRVNYXHDCo6Bq3TfoB9AWdsgW4=,TMtGhuuFdgvTKyuddp8ccecCY9A=
29,-18,AiRVNYXHDCo6Bq3TfoB9AWdsgW4=,TMtGhuuFdgvTKyuddp8ccecCY9A=
27,-21,AiRVNYXHDCo6Bq3TfoB9AWdsgW4=,TMtGhuuFdgvTKyuddp8ccecCY9A=
25,-17,AiRVNYXHDCo6Bq3TfoB9AWdsgW4=,TMtGhuuFdgvTKyuddp8ccecCY9A=
24,-17,AiRVNYXHDCo6Bq3TfoB9AWdsgW4=,TMtGhuuFdgvTKyuddp8ccecCY9A=
31,-21,AiRVNYXHDCo6Bq3TfoB9AWdsgW4=,TMtGhuuFdgvTKyuddp8ccecCY9A=
26,-21,AiRVNYXHDCo6Bq3TfoB9AWdsgW4=,TMtGhuuFdgvTKyuddp8ccecCY9A=
28,-18,AiRVNYXHDCo6Bq3TfoB9AWdsgW4=,TMtGhuuFdgvTKyuddp8ccecCY9A=
27,-24,AiRVNYXHDCo6Bq3TfoB9AWdsgW4=,TMtGhuuFdgvTKyuddp8ccecCY9A=
30,-21,AiRVNYXHDCo6Bq3TfoB9AWdsgW4=,TMtGhuuFdgvTKyuddp8ccecCY9A=
31,-18,AiRVNYXHDCo6Bq3TfoB9AWdsgW4=,TMtGhuuFdgvTKyuddp8ccecCY9A=
26,-22,AiRVNYXHDCo6Bq3TfoB9AWdsgW4=,TMtGhuuFdgvTKyuddp8ccecCY9A=
27,-18,AiRVNYXHDCo6Bq3TfoB9AWdsgW4=,TMtGhuuFdgvTKyuddp8ccecCY9A=
30,-18,AiRVNYXHDCo6Bq3TfoB9AWdsgW4=,TMtGhuuFdgvTKyuddp8ccecCY9A=
25,-22,AiRVNYXHDCo6Bq3TfoB9AWdsgW4=,TMtGhuuFdgvTKyuddp8ccecCY9A=
30,-19,AiRVNYXHDCo6Bq3TfoB9AWdsgW4=,TMtGhuuFdgvTKyuddp8ccecCY9A=
24,-22,AiRVNYXHDCo6Bq3TfoB9AWdsgW4=,TMtGhuuFdgvTKyuddp8ccecCY9A=
26,-18,AiRVNYXHDCo6Bq3TfoB9AWdsgW4=,TMtGhuuFdgvTKyuddp8ccecCY9A=
25,-21,AiRVNYXHDCo6Bq3TfoB9AWdsgW4=,TMtGhuuFdgvTKyuddp8ccecCY9A=
27,-19,AiRVNYXHDCo6Bq3TfoB9AWdsgW4=,TMtGhuuFdgvTKyuddp8ccecCY9A=
26,-19,AiRVNYXHDCo6Bq3TfoB9AWdsgW4=,TMtGhuuFdgvTKyuddp8ccecCY9A=
24,-21,AiRVNYXHDCo6Bq3TfoB9AWdsgW4=,TMtGhuuFdgvTKyuddp8ccecCY9A=
26,-24,AiRVNYXHDCo6Bq3TfoB9AWdsgW4=,TMtGhuuFdgvTKyuddp8ccecCY9A=
31,-19,AiRVNYXHDCo6Bq3TfoB9AWdsgW4=,TMtGhuuFdgvTKyuddp8ccecCY9A=
25,-19,AiRVNYXHDCo6Bq3TfoB9AWdsgW4=,TMtGhuuFdgvTKyuddp8ccecCY9A=
25,-18,AiRVNYXHDCo6Bq3TfoB9AWdsgW4=,TMtGhuuFdgvTKyuddp8ccecCY9A=
24,-19,AiRVNYXHDCo6Bq3TfoB9AWdsgW4=,TMtGhuuFdgvTKyuddp8ccecCY9A=
28,-19,AiRVNYXHDCo6Bq3TfoB9AWdsgW4=,TMtGhuuFdgvTKyuddp8ccecCY9A=
31,-23,AiRVNYXHDCo6Bq3TfoB9AWdsgW4=,TMtGhuuFdgvTKyuddp8ccecCY9A=
29,-17,AiRVNYXHDCo6Bq3TfoB9AWdsgW4=,TMtGhuuFdgvTKyuddp8ccecCY9A=
29,-19,AiRVNYXHDCo6Bq3TfoB9AWdsgW4=,TMtGhuuFdgvTKyuddp8ccecCY9A=
29,-20,AiRVNYXHDCo6Bq3TfoB9AWdsgW4=,TMtGhuuFdgvTKyuddp8ccecCY9A=
27,-23,AiRVNYXHDCo6Bq3TfoB9AWdsgW4=,TMtGhuuFdgvTKyuddp8ccecCY9A=
26,-23,AiRVNYXHDCo6Bq3TfoB9AWdsgW4=,TMtGhuuFdgvTKyuddp8ccecCY9A=
25,-23,AiRVNYXHDCo6Bq3TfoB9AWdsgW4=,TMtGhuuFdgvTKyuddp8ccecCY9A=
24,-23,AiRVNYXHDCo6Bq3TfoB9AWdsgW4=,TMtGhuuFdgvTKyuddp8ccecCY9A=
30,-23,AiRVNYXHDCo6Bq3TfoB9AWdsgW4=,TMtGhuuFdgvTKyuddp8ccecCY9A=
31,-24,AiRVNYXHDCo6Bq3TfoB9AWdsgW4=,TMtGhuuFdgvTKyuddp8ccecCY9A=
28,-20,AiRVNYXHDCo6Bq3TfoB9AWdsgW4=,TMtGhuuFdgvTKyuddp8ccecCY9A=
30,-24,AiRVNYXHDCo6Bq3TfoB9AWdsgW4=,TMtGhuuFdgvTKyuddp8ccecCY9A=
31,-22,AiRVNYXHDCo6Bq3TfoB9AWdsgW4=,TMtGhuuFdgvTKyuddp8ccecCY9A=
29,-24,AiRVNYXHDCo6Bq3TfoB9AWdsgW4=,TMtGhuuFdgvTKyuddp8ccecCY9A=
25,-24,AiRVNYXHDCo6Bq3TfoB9AWdsgW4=,TMtGhuuFdgvTKyuddp8ccecCY9A=
30,-22,AiRVNYXHDCo6Bq3TfoB9AWdsgW4=,TMtGhuuFdgvTKyuddp8ccecCY9A=
31,-20,AiRVNYXHDCo6Bq3TfoB9AWdsgW4=,TMtGhuuFdgvTKyuddp8ccecCY9A=
29,-22,AiRVNYXHDCo6Bq3TfoB9AWdsgW4=,TMtGhuuFdgvTKyuddp8ccecCY9A=
28,-24,AiRVNYXHDCo6Bq3TfoB9AWdsgW4=,TMtGhuuFdgvTKyuddp8ccecCY9A=
29,-23,AiRVNYXHDCo6Bq3TfoB9AWdsgW4=,TMtGhuuFdgvTKyuddp8ccecCY9A=
24,-18,AiRVNYXHDCo6Bq3TfoB9AWdsgW4=,TMtGhuuFdgvTKyuddp8ccecCY9A=
24,-24,AiRVNYXHDCo6Bq3TfoB9AWdsgW4=,TMtGhuuFdgvTKyuddp8ccecCY9A=
28,-23,AiRVNYXHDCo6Bq3TfoB9AWdsgW4=,TMtGhuuFdgvTKyuddp8ccecCY9A=
30,-17,AiRVNYXHDCo6Bq3TfoB9AWdsgW4=,TMtGhuuFdgvTKyuddp8ccecCY9A=
30,-20,AiRVNYXHDCo6Bq3TfoB9AWdsgW4=,TMtGhuuFdgvTKyuddp8ccecCY9A=
31,-17,AiRVNYXHDCo6Bq3TfoB9AWdsgW4=,TMtGhuuFdgvTKyuddp8ccecCY9A=
4,-5,s1SiQIDGx9dR6cZFRVtas9lkrEY=,pTQTTk2hWC+Cd2y0jB14+haYAIg=
5,-5,s1SiQIDGx9dR6cZFRVtas9lkrEY=,pTQTTk2hWC+Cd2y0jB14+haYAIg=
6,-1,s1SiQIDGx9dR6cZFRVtas9lkrEY=,pTQTTk2hWC+Cd2y0jB14+haYAIg=
5,-1,s1SiQIDGx9dR6cZFRVtas9lkrEY=,pTQTTk2hWC+Cd2y0jB14+haYAIg=
6,-5,s1SiQIDGx9dR6cZFRVtas9lkrEY=,pTQTTk2hWC+Cd2y0jB14+haYAIg=
0,-4,s1SiQIDGx9dR6cZFRVtas9lkrEY=,pTQTTk2hWC+Cd2y0jB14+haYAIg=
1,-4,s1SiQIDGx9dR6cZFRVtas9lkrEY=,pTQTTk2hWC+Cd2y0jB14+haYAIg=
2,-4,s1SiQIDGx9dR6cZFRVtas9lkrEY=,pTQTTk2hWC+Cd2y0jB14+haYAIg=
3,-4,s1SiQIDGx9dR6cZFRVtas9lkrEY=,pTQTTk2hWC+Cd2y0jB14+haYAIg=
4,-4,s1SiQIDGx9dR6cZFRVtas9lkrEY=,pTQTTk2hWC+Cd2y0jB14+haYAIg=
0,-3,s1SiQIDGx9dR6cZFRVtas9lkrEY=,pTQTTk2hWC+Cd2y0jB14+haYAIg=
1,-3,s1SiQIDGx9dR6cZFRVtas9lkrEY=,pTQTTk2hWC+Cd2y0jB14+haYAIg=
2,-3,s1SiQIDGx9dR6cZFRVtas9lkrEY=,pTQTTk2hWC+Cd2y0jB14+haYAIg=
3,-3,s1SiQIDGx9dR6cZFRVtas9lkrEY=,pTQTTk2hWC+Cd2y0jB14+haYAIg=
5,-4,s1SiQIDGx9dR6cZFRVtas9lkrEY=,pTQTTk2hWC+Cd2y0jB14+haYAIg=
0,-2,s1SiQIDGx9dR6cZFRVtas9lkrEY=,pTQTTk2hWC+Cd2y0jB14+haYAIg=
1,-2,s1SiQIDGx9dR6cZFRVtas9lkrEY=,pTQTTk2hWC+Cd2y0jB14+haYAIg=
2,-2,s1SiQIDGx9dR6cZFRVtas9lkrEY=,pTQTTk2hWC+Cd2y0jB14+haYAIg=
3,-2,s1SiQIDGx9dR6cZFRVtas9lkrEY=,pTQTTk2hWC+Cd2y0jB14+haYAIg=
0,-8,s1SiQIDGx9dR6cZFRVtas9lkrEY=,pTQTTk2hWC+Cd2y0jB14+haYAIg=
1,-8,s1SiQIDGx9dR6cZFRVtas9lkrEY=,pTQTTk2hWC+Cd2y0jB14+haYAIg=
6,-4,s1SiQIDGx9dR6cZFRVtas9lkrEY=,pTQTTk2hWC+Cd2y0jB14+haYAIg=
2,-8,s1SiQIDGx9dR6cZFRVtas9lkrEY=,pTQTTk2hWC+Cd2y0jB14+haYAIg=
3,-8,s1SiQIDGx9dR6cZFRVtas9lkrEY=,pTQTTk2hWC+Cd2y0jB14+haYAIg=
4,-3,s1SiQIDGx9dR6cZFRVtas9lkrEY=,pTQTTk2hWC+Cd2y0jB14+haYAIg=
4,-8,s1SiQIDGx9dR6cZFRVtas9lkrEY=,pTQTTk2hWC+Cd2y0jB14+haYAIg=
5,-8,s1SiQIDGx9dR6cZFRVtas9lkrEY=,pTQTTk2hWC+Cd2y0jB14+haYAIg=
6,-8,s1SiQIDGx9dR6cZFRVtas9lkrEY=,pTQTTk2hWC+Cd2y0jB14+haYAIg=
0,-7,s1SiQIDGx9dR6cZFRVtas9lkrEY=,pTQTTk2hWC+Cd2y0jB14+haYAIg=
1,-7,s1SiQIDGx9dR6cZFRVtas9lkrEY=,pTQTTk2hWC+Cd2y0jB14+haYAIg=
2,-7,s1SiQIDGx9dR6cZFRVtas9lkrEY=,pTQTTk2hWC+Cd2y0jB14+haYAIg=
3,-7,s1SiQIDGx9dR6cZFRVtas9lkrEY=,pTQTTk2hWC+Cd2y0jB14+haYAIg=
5,-3,s1SiQIDGx9dR6cZFRVtas9lkrEY=,pTQTTk2hWC+Cd2y0jB14+haYAIg=
4,-7,s1SiQIDGx9dR6cZFRVtas9lkrEY=,pTQTTk2hWC+Cd2y0jB14+haYAIg=
5,-7,s1SiQIDGx9dR6cZFRVtas9lkrEY=,pTQTTk2hWC+Cd2y0jB14+haYAIg=
6,-7,s1SiQIDGx9dR6cZFRVtas9lkrEY=,pTQTTk2hWC+Cd2y0jB14+haYAIg=
0,-6,s1SiQIDGx9dR6cZFRVtas9lkrEY=,pTQTTk2hWC+Cd2y0jB14+haYAIg=
4,-2,s1SiQIDGx9dR6cZFRVtas9lkrEY=,pTQTTk2hWC+Cd2y0jB14+haYAIg=
1,-6,s1SiQIDGx9dR6cZFRVtas9lkrEY=,pTQTTk2hWC+Cd2y0jB14+haYAIg=
1,-1,FoZR2aikRvc+7loCTDVoPbpTYnY=,pTQTTk2hWC+Cd2y0jB14+haYAIg=
2,-6,FoZR2aikRvc+7loCTDVoPbpTYnY=,pTQTTk2hWC+Cd2y0jB14+haYAIg=
3,-6,FoZR2aikRvc+7loCTDVoPbpTYnY=,pTQTTk2hWC+Cd2y0jB14+haYAIg=
4,-6,FoZR2aikRvc+7loCTDVoPbpTYnY=,pTQTTk2hWC+Cd2y0jB14+haYAIg=
5,-6,FoZR2aikRvc+7loCTDVoPbpTYnY=,pTQTTk2hWC+Cd2y0jB14+haYAIg=
6,-6,FoZR2aikRvc+7loCTDVoPbpTYnY=,pTQTTk2hWC+Cd2y0jB14+haYAIg=
2,-1,FoZR2aikRvc+7loCTDVoPbpTYnY=,pTQTTk2hWC+Cd2y0jB14+haYAIg=
0,-5,FoZR2aikRvc+7loCTDVoPbpTYnY=,pTQTTk2hWC+Cd2y0jB14+haYAIg=
3,-1,FoZR2aikRvc+7loCTDVoPbpTYnY=,pTQTTk2hWC+Cd2y0jB14+haYAIg=
6,-3,FoZR2aikRvc+7loCTDVoPbpTYnY=,pTQTTk2hWC+Cd2y0jB14+haYAIg=
1,-5,FoZR2aikRvc+7loCTDVoPbpTYnY=,pTQTTk2hWC+Cd2y0jB14+haYAIg=
2,-5,FoZR2aikRvc+7loCTDVoPbpTYnY=,pTQTTk2hWC+Cd2y0jB14+haYAIg=
3,-5,FoZR2aikRvc+7loCTDVoPbpTYnY=,pTQTTk2hWC+Cd2y0jB14+haYAIg=
4,-1,FoZR2aikRvc+7loCTDVoPbpTYnY=,pTQTTk2hWC+Cd2y0jB14+haYAIg=
5,-2,FoZR2aikRvc+7loCTDVoPbpTYnY=,pTQTTk2hWC+Cd2y0jB14+haYAIg=
0,-1,FoZR2aikRvc+7loCTDVoPbpTYnY=,pTQTTk2hWC+Cd2y0jB14+haYAIg=
6,-2,FoZR2aikRvc+7loCTDVoPbpTYnY=,pTQTTk2hWC+Cd2y0jB14+haYAIg=
15,-7,FoZR2aikRvc+7loCTDVoPbpTYnY=,/lhYcME+m8DCE4JUsExATkENe44=
7,-1,FoZR2aikRvc+7loCTDVoPbpTYnY=,pTQTTk2hWC+Cd2y0jB14+haYAIg=
12,-3,FoZR2aikRvc+7loCTDVoPbpTYnY=,/lhYcME+m8DCE4JUsExATkENe44=
13,-4,FoZR2aikRvc+7loCTDVoPbpTYnY=,/lhYcME+m8DCE4JUsExATkENe44=
9,-7,FoZR2aikRvc+7loCTDVoPbpTYnY=,/lhYcME+m8DCE4JUsExATkENe44=
14,-7,FoZR2aikRvc+7loCTDVoPbpTYnY=,/lhYcME+m8DCE4JUsExATkENe44=
11,-3,FoZR2aikRvc+7loCTDVoPbpTYnY=,/lhYcME+m8DCE4JUsExATkENe44=
7,-5,FoZR2aikRvc+7loCTDVoPbpTYnY=,pTQTTk2hWC+Cd2y0jB14+haYAIg=
10,-3,FoZR2aikRvc+7loCTDVoPbpTYnY=,/lhYcME+m8DCE4JUsExATkENe44=
13,-5,FoZR2aikRvc+7loCTDVoPbpTYnY=,/lhYcME+m8DCE4JUsExATkENe44=
11,-8,FoZR2aikRvc+7loCTDVoPbpTYnY=,/lhYcME+m8DCE4JUsExATkENe44=
9,-3,FoZR2aikRvc+7loCTDVoPbpTYnY=,/lhYcME+m8DCE4JUsExATkENe44=
7,-7,FoZR2aikRvc+7loCTDVoPbpTYnY=,pTQTTk2hWC+Cd2y0jB14+haYAIg=
8,-7,FoZR2aikRvc+7loCTDVoPbpTYnY=,/lhYcME+m8DCE4JUsExATkENe44=
15,-8,FoZR2aikRvc+7loCTDVoPbpTYnY=,/lhYcME+m8DCE4JUsExATkENe44=
7,-8,FoZR2aikRvc+7loCTDVoPbpTYnY=,pTQTTk2hWC+Cd2y0jB14+haYAIg=
15,-1,FoZR2aikRvc+7loCTDVoPbpTYnY=,/lhYcME+m8DCE4JUsExATkENe44=
14,-1,FoZR2aikRvc+7loCTDVoPbpTYnY=,/lhYcME+m8DCE4JUsExATkENe44=
13,-1,FoZR2aikRvc+7loCTDVoPbpTYnY=,/lhYcME+m8DCE4JUsExATkENe44=
14,-8,FoZR2aikRvc+7loCTDVoPbpTYnY=,/lhYcME+m8DCE4JUsExATkENe44=
13,-8,FoZR2aikRvc+7loCTDVoPbpTYnY=,/lhYcME+m8DCE4JUsExATkENe44=
12,-1,FoZR2aikRvc+7loCTDVoPbpTYnY=,/lhYcME+m8DCE4JUsExATkENe44=
15,-6,FoZR2aikRvc+7loCTDVoPbpTYnY=,/lhYcME+m8DCE4JUsExATkENe44=
13,-7,FoZR2aikRvc+7loCTDVoPbpTYnY=,/lhYcME+m8DCE4JUsExATkENe44=
8,-3,FoZR2aikRvc+7loCTDVoPbpTYnY=,/lhYcME+m8DCE4JUsExATkENe44=
15,-4,FoZR2aikRvc+7loCTDVoPbpTYnY=,/lhYcME+m8DCE4JUsExATkENe44=
14,-6,FoZR2aikRvc+7loCTDVoPbpTYnY=,/lhYcME+m8DCE4JUsExATkENe44=
11,-6,FoZR2aikRvc+7loCTDVoPbpTYnY=,/lhYcME+m8DCE4JUsExATkENe44=
10,-6,FoZR2aikRvc+7loCTDVoPbpTYnY=,/lhYcME+m8DCE4JUsExATkENe44=
9,-6,FoZR2aikRvc+7loCTDVoPbpTYnY=,/lhYcME+m8DCE4JUsExATkENe44=
10,-8,FoZR2aikRvc+7loCTDVoPbpTYnY=,/lhYcME+m8DCE4JUsExATkENe44=
9,-8,FoZR2aikRvc+7loCTDVoPbpTYnY=,/lhYcME+m8DCE4JUsExATkENe44=
14,-4,FoZR2aikRvc+7loCTDVoPbpTYnY=,/lhYcME+m8DCE4JUsExATkENe44=
13,-6,FoZR2aikRvc+7loCTDVoPbpTYnY=,/lhYcME+m8DCE4JUsExATkENe44=
12,-6,FoZR2aikRvc+7loCTDVoPbpTYnY=,/lhYcME+m8DCE4JUsExATkENe44=
13,-3,FoZR2aikRvc+7loCTDVoPbpTYnY=,/lhYcME+m8DCE4JUsExATkENe44=
11,-4,FoZR2aikRvc+7loCTDVoPbpTYnY=,/lhYcME+m8DCE4JUsExATkENe44=
12,-4,FoZR2aikRvc+7loCTDVoPbpTYnY=,/lhYcME+m8DCE4JUsExATkENe44=
10,-4,FoZR2aikRvc+7loCTDVoPbpTYnY=,/lhYcME+m8DCE4JUsExATkENe44=
9,-4,FoZR2aikRvc+7loCTDVoPbpTYnY=,/lhYcME+m8DCE4JUsExATkENe44=
8,-4,FoZR2aikRvc+7loCTDVoPbpTYnY=,/lhYcME+m8DCE4JUsExATkENe44=
11,-1,FoZR2aikRvc+7loCTDVoPbpTYnY=,/lhYcME+m8DCE4JUsExATkENe44=
12,-7,FoZR2aikRvc+7loCTDVoPbpTYnY=,/lhYcME+m8DCE4JUsExATkENe44=
10,-1,FoZR2aikRvc+7loCTDVoPbpTYnY=,/lhYcME+m8DCE4JUsExATkENe44=
9,-1,FoZR2aikRvc+7loCTDVoPbpTYnY=,/lhYcME+m8DCE4JUsExATkENe44=
15,-5,FoZR2aikRvc+7loCTDVoPbpTYnY=,/lhYcME+m8DCE4JUsExATkENe44=
7,-3,FoZR2aikRvc+7loCTDVoPbpTYnY=,pTQTTk2hWC+Cd2y0jB14+haYAIg=
14,-5,FoZR2aikRvc+7loCTDVoPbpTYnY=,/lhYcME+m8DCE4JUsExATkENe44=
11,-7,FoZR2aikRvc+7loCTDVoPbpTYnY=,/lhYcME+m8DCE4JUsExATkENe44=
10,-7,FoZR2aikRvc+7loCTDVoPbpTYnY=,/lhYcME+m8DCE4JUsExATkENe44=
8,-1,FoZR2aikRvc+7loCTDVoPbpTYnY=,/lhYcME+m8DCE4JUsExATkENe44=
15,-2,FoZR2aikRvc+7loCTDVoPbpTYnY=,/lhYcME+m8DCE4JUsExATkENe44=
13,-2,FoZR2aikRvc+7loCTDVoPbpTYnY=,/lhYcME+m8DCE4JUsExATkENe44=
14,-2,FoZR2aikRvc+7loCTDVoPbpTYnY=,/lhYcME+m8DCE4JUsExATkENe44=
7,-4,FoZR2aikRvc+7loCTDVoPbpTYnY=,pTQTTk2hWC+Cd2y0jB14+haYAIg=
14,-3,FoZR2aikRvc+7loCTDVoPbpTYnY=,/lhYcME+m8DCE4JUsExATkENe44=
8,-6,FoZR2aikRvc+7loCTDVoPbpTYnY=,/lhYcME+m8DCE4JUsExATkENe44=
12,-2,FoZR2aikRvc+7loCTDVoPbpTYnY=,/lhYcME+m8DCE4JUsExATkENe44=
11,-2,FoZR2aikRvc+7loCTDVoPbpTYnY=,/lhYcME+m8DCE4JUsExATkENe44=
10,-2,FoZR2aikRvc+7loCTDVoPbpTYnY=,/lhYcME+m8DCE4JUsExATkENe44=
12,-8,FoZR2aikRvc+7loCTDVoPbpTYnY=,/lhYcME+m8DCE4JUsExATkENe44=
8,-8,FoZR2aikRvc+7loCTDVoPbpTYnY=,/lhYcME+m8DCE4JUsExATkENe44=
12,-5,FoZR2aikRvc+7loCTDVoPbpTYnY=,/lhYcME+m8DCE4JUsExATkENe44=
9,-2,FoZR2aikRvc+7loCTDVoPbpTYnY=,/lhYcME+m8DCE4JUsExATkENe44=
8,-5,FoZR2aikRvc+7loCTDVoPbpTYnY=,/lhYcME+m8DCE4JUsExATkENe44=
8,-2,FoZR2aikRvc+7loCTDVoPbpTYnY=,/lhYcME+m8DCE4JUsExATkENe44=
7,-6,FoZR2aikRvc+7loCTDVoPbpTYnY=,pTQTTk2hWC+Cd2y0jB14+haYAIg=
7,-2,FoZR2aikRvc+7loCTDVoPbpTYnY=,pTQTTk2hWC+Cd2y0jB14+haYAIg=
11,-5,FoZR2aikRvc+7loCTDVoPbpTYnY=,/lhYcME+m8DCE4JUsExATkENe44=
10,-5,FoZR2aikRvc+7loCTDVoPbpTYnY=,/lhYcME+m8DCE4JUsExATkENe44=
15,-3,FoZR2aikRvc+7loCTDVoPbpTYnY=,/lhYcME+m8DCE4JUsExATkENe44=
9,-5,FoZR2aikRvc+7loCTDVoPbpTYnY=,/lhYcME+m8DCE4JUsExATkENe44=
